ids.imdb,viewer,rating,Date Rated,Title,URL,Title Type,IMDb Rating,Runtime (mins),Release Year,Genres,Num Votes,Release Date,Directors,Actors,Language,Country,Awards,Metascore,Box Office
tt0119282,nowell,6,2025-07-01 13:56:58+00:00,Hercules,https://www.imdb.com/title/tt0119282/,movie,7.3,93,1997,"Animation, Action, Adventure","272,825",27 Jun 1997,"Ron Clements, John Musker","Tate Donovan, Susan Egan, James Woods","English, Spanish, Greek",United States,Nominated for 1 Oscar. 9 wins & 16 nominations total,74,"$99,112,101"
tt14205554,nowell,7,2025-07-01 11:56:19+00:00,KPop Demon Hunters,https://www.imdb.com/title/tt14205554/,movie,7.6,95,2025,"Animation, Action, Adventure","85,772",20 Jun 2025,"Chris Appelhans, Maggie Kang","Arden Cho, May Hong, Ji-young Yoo","English, Korean","United States, Canada",2 nominations total,77,"$18,000,000"
tt37244927,nowell,6,2025-06-28 18:52:35+00:00,Big Man,https://www.imdb.com/title/tt37244927/,movie,5.8,N/A,2025,"Short, Drama, Music",117,18 Jun 2025,Aneil Karia,"Stormzy, Klevis Brahja, Jaydon Eastman",English,United Kingdom,N/A,N/A,N/A
tt13472984,nowell,6,2025-06-28 18:27:50+00:00,Two Distant Strangers,https://www.imdb.com/title/tt13472984/,movie,6.9,32,2020,"Short, Drama, Sci-Fi","21,920",20 Nov 2020,"Travon Free, Martin Desmond Roe","Joey Bada$$, Zaria, Vincent Mordente",English,United States,Won 1 Oscar. 2 wins total,N/A,N/A
tt2121382,nowell,3,2025-06-15 22:10:22+00:00,Force Majeure,https://www.imdb.com/title/tt2121382/,movie,7.2,120,2014,"Comedy, Drama","69,765",30 Dec 2014,Ruben Östlund,"Johannes Kuhnke, Lisa Loven Kongsli, Clara Wettergren","Swedish, Norwegian, English, French, Italian","Sweden, France, Norway, Denmark, Italy",Nominated for 1 BAFTA Award31 wins & 41 nominations total,87,"$1,359,497"
tt32221196,nowell,7,2025-06-11 23:26:44+00:00,One of Them Days,https://www.imdb.com/title/tt32221196/,movie,6.5,97,2025,Comedy,"16,116",17 Jan 2025,Lawrence Lamont,"Keke Palmer, SZA, Vanessa Bell Calloway",English,United States,N/A,71,"$50,054,690"
tt1130884,nowell,5,2025-06-03 19:43:59+00:00,Shutter Island,https://www.imdb.com/title/tt1130884/,movie,8.2,138,2010,"Drama, Mystery, Thriller","1,581,281",19 Feb 2010,Martin Scorsese,"Leonardo DiCaprio, Emily Mortimer, Mark Ruffalo","English, German","United States, Canada",11 wins & 66 nominations total,63,"$128,012,934"
tt5083738,nowell,8,2025-06-01 18:31:40+00:00,The Favourite,https://www.imdb.com/title/tt5083738/,movie,7.5,119,2018,"Biography, Comedy, Drama","249,847",21 Dec 2018,Yorgos Lanthimos,"Olivia Colman, Emma Stone, Rachel Weisz",English,"Ireland, United Kingdom, United States",Won 1 Oscar. 187 wins & 352 nominations total,91,"$34,366,783"
tt5083738,taylor,7,2025-06-03 21:31:16+00:00,The Favourite,https://www.imdb.com/title/tt5083738/,movie,7.5,119,2018,"Biography, Comedy, Drama","249,847",21 Dec 2018,Yorgos Lanthimos,"Olivia Colman, Emma Stone, Rachel Weisz",English,"Ireland, United Kingdom, United States",Won 1 Oscar. 187 wins & 352 nominations total,91,"$34,366,783"
tt1570728,nowell,6,2025-06-01 14:44:35+00:00,"Crazy, Stupid, Love.",https://www.imdb.com/title/tt1570728/,movie,7.4,118,2011,"Comedy, Drama, Romance","601,291",29 Jul 2011,"Glenn Ficarra, John Requa","Steve Carell, Ryan Gosling, Julianne Moore",English,United States,5 wins & 23 nominations total,68,"$84,379,584"
tt1570728,taylor,7,2025-06-01 15:40:58+00:00,"Crazy, Stupid, Love.",https://www.imdb.com/title/tt1570728/,movie,7.4,118,2011,"Comedy, Drama, Romance","601,291",29 Jul 2011,"Glenn Ficarra, John Requa","Steve Carell, Ryan Gosling, Julianne Moore",English,United States,5 wins & 23 nominations total,68,"$84,379,584"
tt0275847,nowell,7,2025-06-01 13:25:37+00:00,Lilo & Stitch,https://www.imdb.com/title/tt0275847/,movie,7.4,85,2002,"Animation, Adventure, Comedy","237,563",21 Jun 2002,"Dean DeBlois, Chris Sanders","Daveigh Chase, Chris Sanders, Tia Carrere","English, Hawaiian","United States, Japan",Nominated for 1 Oscar. 12 wins & 28 nominations total,75,"$145,794,338"
tt0275847,taylor,7,2025-06-01 12:37:36+00:00,Lilo & Stitch,https://www.imdb.com/title/tt0275847/,movie,7.4,85,2002,"Animation, Adventure, Comedy","237,563",21 Jun 2002,"Dean DeBlois, Chris Sanders","Daveigh Chase, Chris Sanders, Tia Carrere","English, Hawaiian","United States, Japan",Nominated for 1 Oscar. 12 wins & 28 nominations total,75,"$145,794,338"
tt0780504,nowell,4,2025-06-01 00:00:00+00:00,Drive,https://www.imdb.com/title/tt0780504/,movie,7.8,100,2011,"Action, Drama","746,778",16 Sep 2011,Nicolas Winding Refn,"Ryan Gosling, Carey Mulligan, Bryan Cranston","English, Spanish",United States,Nominated for 1 Oscar. 79 wins & 180 nominations total,79,"$35,061,555"
tt3799694,nowell,7,2025-06-01 00:00:00+00:00,The Nice Guys,https://www.imdb.com/title/tt3799694/,movie,7.4,116,2016,"Action, Comedy, Crime","401,775",20 May 2016,Shane Black,"Russell Crowe, Ryan Gosling, Angourie Rice","English, German","United Kingdom, United States",9 wins & 34 nominations total,70,"$36,261,763"
tt1684562,nowell,4,2025-06-01 00:00:00+00:00,The Fall Guy,https://www.imdb.com/title/tt1684562/,movie,6.8,126,2024,"Action, Comedy, Drama","233,596",03 May 2024,David Leitch,"Ryan Gosling, Emily Blunt, Aaron Taylor-Johnson",English,"Canada, Australia, United States",23 wins & 48 nominations total,73,"$92,900,355"
tt1853728,nowell,9,2025-05-19 19:33:35+00:00,Django Unchained,https://www.imdb.com/title/tt1853728/,movie,8.5,165,2012,"Drama, Western","1,825,738",25 Dec 2012,Quentin Tarantino,"Jamie Foxx, Christoph Waltz, Leonardo DiCaprio","English, German, French, Italian",United States,Won 2 Oscars. 58 wins & 158 nominations total,81,"$162,805,434"
tt1853728,taylor,8,2021-04-04 00:00:00+00:00,Django Unchained,https://www.imdb.com/title/tt1853728/,movie,8.5,165,2012,"Drama, Western","1,825,738",25 Dec 2012,Quentin Tarantino,"Jamie Foxx, Christoph Waltz, Leonardo DiCaprio","English, German, French, Italian",United States,Won 2 Oscars. 58 wins & 158 nominations total,81,"$162,805,434"
tt2194499,nowell,7,2025-05-17 15:25:43+00:00,About Time,https://www.imdb.com/title/tt2194499/,movie,7.8,123,2013,"Comedy, Drama, Fantasy","421,226",08 Nov 2013,Richard Curtis,"Domhnall Gleeson, Rachel McAdams, Bill Nighy",English,"United Kingdom, United States",3 wins & 9 nominations total,55,"$15,322,921"
tt26584495,nowell,8,2025-05-10 18:57:14+00:00,Companion,https://www.imdb.com/title/tt26584495/,movie,6.9,97,2025,"Sci-Fi, Thriller","137,533",31 Jan 2025,Drew Hancock,"Sophie Thatcher, Jack Quaid, Lukas Gage",English,United States,2 wins & 8 nominations total,70,"$20,809,101"
tt20969586,nowell,5,2025-05-07 15:44:31+00:00,Thunderbolts*,https://www.imdb.com/title/tt20969586/,movie,7.2,127,2025,"Action, Adventure, Crime","220,028",02 May 2025,Jake Schreier,"Florence Pugh, Sebastian Stan, Julia Louis-Dreyfus","English, Russian, Italian","United States, Australia, Canada",2 wins & 13 nominations total,68,"$190,274,328"
tt0169547,nowell,8,2025-04-20 11:19:27+00:00,American Beauty,https://www.imdb.com/title/tt0169547/,movie,8.3,122,1999,Drama,"1,258,807",01 Oct 1999,Sam Mendes,"Kevin Spacey, Annette Bening, Thora Birch",English,United States,Won 5 Oscars. 112 wins & 102 nominations total,84,"$130,096,601"
tt31193180,nowell,10,2025-04-18 21:35:56+00:00,Sinners,https://www.imdb.com/title/tt31193180/,movie,7.6,137,2025,"Action, Drama, Horror","288,689",18 Apr 2025,Ryan Coogler,"Michael B. Jordan, Miles Caton, Saul Williams","English, Chinese","United States, Australia, Canada",12 wins & 15 nominations total,84,"$278,578,513"
tt31193180,taylor,10,2025-04-18 22:20:16+00:00,Sinners,https://www.imdb.com/title/tt31193180/,movie,7.6,137,2025,"Action, Drama, Horror","288,689",18 Apr 2025,Ryan Coogler,"Michael B. Jordan, Miles Caton, Saul Williams","English, Chinese","United States, Australia, Canada",12 wins & 15 nominations total,84,"$278,578,513"
tt12299608,nowell,6,2025-04-17 23:16:31+00:00,Mickey 17,https://www.imdb.com/title/tt12299608/,movie,6.7,137,2025,"Adventure, Comedy, Fantasy","191,316",07 Mar 2025,Bong Joon Ho,"Robert Pattinson, Steven Yeun, Michael Monroe",English,"United States, South Korea",1 win & 5 nominations total,72,"$46,047,147"
tt1179933,nowell,7,2025-03-02 00:00:00+00:00,10 Cloverfield Lane,https://www.imdb.com/title/tt1179933/,movie,7.2,103,2016,"Drama, Horror, Sci-Fi","375,303",11 Mar 2016,Dan Trachtenberg,"John Goodman, Mary Elizabeth Winstead, John Gallagher Jr.",English,United States,16 wins & 48 nominations total,76,"$72,082,998"
tt21942866,nowell,6,2025-02-21 16:03:11+00:00,Dream Scenario,https://www.imdb.com/title/tt21942866/,movie,6.8,102,2023,"Comedy, Drama, Fantasy","87,750",22 Nov 2023,Kristoffer Borgli,"Lily Bird, Nicolas Cage, Julianne Nicholson","English, French","United States, Canada",3 wins & 18 nominations total,74,"$5,742,193"
tt11563598,nowell,5,2025-02-13 15:57:12+00:00,A Complete Unknown,https://www.imdb.com/title/tt11563598/,movie,7.3,141,2024,"Biography, Drama, Music","98,546",25 Dec 2024,James Mangold,"Timothée Chalamet, Edward Norton, Elle Fanning",English,United States,Nominated for 8 Oscars. 26 wins & 129 nominations total,70,"$75,001,720"
tt8864596,nowell,6,2025-02-10 21:07:20+00:00,Transformers One,https://www.imdb.com/title/tt8864596/,movie,7.6,104,2024,"Animation, Action, Adventure","59,052",20 Sep 2024,Josh Cooley,"Chris Hemsworth, Brian Tyree Henry, Scarlett Johansson",English,United States,25 nominations total,65,"$59,098,421"
tt0181689,nowell,7,2025-02-05 09:23:33+00:00,Minority Report,https://www.imdb.com/title/tt0181689/,movie,7.6,145,2002,"Action, Crime, Mystery","610,524",21 Jun 2002,Steven Spielberg,"Tom Cruise, Colin Farrell, Samantha Morton","English, Swedish",United States,Nominated for 1 Oscar. 20 wins & 91 nominations total,80,"$132,072,926"
tt0075148,nowell,6,2025-01-22 19:26:32+00:00,Rocky,https://www.imdb.com/title/tt0075148/,movie,8.1,120,1976,"Drama, Sport","670,884",03 Dec 1976,John G. Avildsen,"Sylvester Stallone, Talia Shire, Burt Young","English, Spanish, Italian",United States,Won 3 Oscars. 22 wins & 23 nominations total,70,"$117,235,147"
tt27131358,nowell,7,2025-01-18 20:09:06+00:00,We Live in Time,https://www.imdb.com/title/tt27131358/,movie,7.0,108,2024,"Drama, Romance","64,283",18 Oct 2024,John Crowley,"Andrew Garfield, Florence Pugh, Grace Delaney","English, French, Italian, Hebrew","United Kingdom, France",1 win & 4 nominations total,59,"$24,692,924"
tt24216998,nowell,7,2025-01-18 20:08:50+00:00,Humanist Vampire Seeking Consenting Suicidal Person,https://www.imdb.com/title/tt24216998/,movie,7.0,90,2023,"Comedy, Drama, Fantasy","8,736",15 Feb 2024,Ariane Louis-Seize,"Sara Montpetit, Félix-Antoine Bénard, Steve Laplante",French,Canada,31 wins & 38 nominations total,70,"$15,092"
tt0945513,nowell,4,2025-01-15 20:56:42+00:00,Source Code,https://www.imdb.com/title/tt0945513/,movie,7.5,93,2011,"Action, Drama, Mystery","572,450",01 Apr 2011,Duncan Jones,"Jake Gyllenhaal, Michelle Monaghan, Vera Farmiga",English,"United States, Canada, France, Germany",1 win & 8 nominations total,74,"$54,712,227"
tt1262426,nowell,7,2025-01-15 17:53:04+00:00,Wicked,https://www.imdb.com/title/tt1262426/,movie,7.4,160,2024,"Fantasy, Musical, Romance","185,948",22 Nov 2024,Jon M. Chu,"Cynthia Erivo, Ariana Grande, Jeff Goldblum",English,"United Kingdom, United States, Canada",Won 2 Oscars. 125 wins & 322 nominations total,73,"$473,231,120"
tt1262426,taylor,8,2025-02-13 00:39:58+00:00,Wicked,https://www.imdb.com/title/tt1262426/,movie,7.4,160,2024,"Fantasy, Musical, Romance","185,948",22 Nov 2024,Jon M. Chu,"Cynthia Erivo, Ariana Grande, Jeff Goldblum",English,"United Kingdom, United States, Canada",Won 2 Oscars. 125 wins & 322 nominations total,73,"$473,231,120"
tt0446029,nowell,7,2025-01-04 21:49:49+00:00,Scott Pilgrim vs. the World,https://www.imdb.com/title/tt0446029/,movie,7.5,112,2010,"Action, Comedy, Fantasy","486,364",13 Aug 2010,Edgar Wright,"Michael Cera, Mary Elizabeth Winstead, Kieran Culkin",English,"United Kingdom, Canada, Japan, United States",18 wins & 66 nominations total,69,"$33,525,605"
tt1345836,nowell,8,2025-01-03 17:39:58+00:00,The Dark Knight Rises,https://www.imdb.com/title/tt1345836/,movie,8.4,164,2012,"Action, Crime, Drama","1,942,437",20 Jul 2012,Christopher Nolan,"Christian Bale, Tom Hardy, Anne Hathaway","English, Arabic","United States, United Kingdom",Nominated for 1 BAFTA Award45 wins & 103 nominations total,78,"$448,149,584"
tt2397535,nowell,7,2025-01-01 23:19:22+00:00,Predestination,https://www.imdb.com/title/tt2397535/,movie,7.4,97,2014,"Action, Drama, Sci-Fi","327,086",09 Jan 2015,"Michael Spierig, Peter Spierig","Ethan Hawke, Sarah Snook, Noah Taylor",English,"Australia, United States",12 wins & 20 nominations total,69,"$68,372"
tt2397535,taylor,7,2025-02-24 21:37:45+00:00,Predestination,https://www.imdb.com/title/tt2397535/,movie,7.4,97,2014,"Action, Drama, Sci-Fi","327,086",09 Jan 2015,"Michael Spierig, Peter Spierig","Ethan Hawke, Sarah Snook, Noah Taylor",English,"Australia, United States",12 wins & 20 nominations total,69,"$68,372"
tt0230011,nowell,7,2024-12-25 23:17:13+00:00,Atlantis: The Lost Empire,https://www.imdb.com/title/tt0230011/,movie,6.9,95,2001,"Animation, Action, Adventure","142,896",15 Jun 2001,"Gary Trousdale, Kirk Wise","Michael J. Fox, Jim Varney, Corey Burton","English, French, Spanish","United States, Japan",2 wins & 14 nominations total,52,"$84,056,472"
tt11301886,nowell,8,2024-12-23 13:37:54+00:00,Rebel Ridge,https://www.imdb.com/title/tt11301886/,movie,6.8,131,2024,"Action, Crime, Drama","97,058",06 Sep 2024,Jeremy Saulnier,"Aaron Pierre, Don Johnson, AnnaSophia Robb",English,United States,Won 1 Primetime Emmy. 9 wins & 21 nominations total,76,N/A
tt1895587,nowell,8,2024-12-23 13:37:26+00:00,Spotlight,https://www.imdb.com/title/tt1895587/,movie,8.1,129,2015,"Biography, Crime, Drama","524,343",20 Nov 2015,Tom McCarthy,"Mark Ruffalo, Michael Keaton, Rachel McAdams",English,United States,Won 2 Oscars. 124 wins & 145 nominations total,93,"$45,055,776"
tt14577874,nowell,8,2024-12-20 21:01:11+00:00,It's What's Inside,https://www.imdb.com/title/tt14577874/,movie,6.6,103,2024,"Comedy, Mystery, Sci-Fi","46,759",04 Oct 2024,Greg Jardin,"Brittany O'Grady, James Morosini, Gavin Leatherwood",English,United States,1 win & 3 nominations total,56,N/A
tt0458352,nowell,7,2024-11-30 21:52:53+00:00,The Devil Wears Prada,https://www.imdb.com/title/tt0458352/,movie,7.0,109,2006,"Comedy, Drama","509,456",30 Jun 2006,David Frankel,"Anne Hathaway, Meryl Streep, Adrian Grenier","English, French","United States, France",Nominated for 2 Oscars. 21 wins & 53 nominations total,62,"$124,740,460"
tt0117060,nowell,6,2024-11-24 01:59:56+00:00,Mission: Impossible,https://www.imdb.com/title/tt0117060/,movie,7.2,110,1996,"Action, Adventure, Thriller","507,313",22 May 1996,Brian De Palma,"Tom Cruise, Jon Voight, Emmanuelle Béart","English, French, Czech",United States,3 wins & 17 nominations total,59,"$180,981,856"
tt1192628,nowell,7,2024-11-22 20:55:03+00:00,Rango,https://www.imdb.com/title/tt1192628/,movie,7.3,107,2011,"Animation, Action, Adventure","307,725",04 Mar 2011,Gore Verbinski,"Johnny Depp, Isla Fisher, Timothy Olyphant",English,"United States, United Kingdom",Won 1 Oscar. 46 wins & 25 nominations total,75,"$123,477,607"
tt29623480,nowell,7,2024-11-18 21:32:30+00:00,The Wild Robot,https://www.imdb.com/title/tt29623480/,movie,8.2,102,2024,"Animation, Adventure, Family","194,083",27 Sep 2024,Chris Sanders,"Lupita Nyong'o, Pedro Pascal, Kit Connor","English, German, French, Spanish, Swahili, Japanese","United States, Japan",Nominated for 3 Oscars. 93 wins & 106 nominations total,85,"$143,901,945"
tt0068646,nowell,7,2024-11-01 19:39:44+00:00,The Godfather,https://www.imdb.com/title/tt0068646/,movie,9.2,175,1972,"Crime, Drama","2,160,424",24 Mar 1972,Francis Ford Coppola,"Marlon Brando, Al Pacino, James Caan","English, Italian, Latin",United States,Won 3 Oscars. 31 wins & 31 nominations total,100,"$136,381,073"
tt0053285,nowell,6,2024-10-25 18:51:51+00:00,Sleeping Beauty,https://www.imdb.com/title/tt0053285/,movie,7.2,75,1959,"Animation, Adventure, Family","168,581",29 Jan 1959,"Les Clark, Clyde Geronimi, Eric Larson","Mary Costa, Bill Shirley, Eleanor Audley",English,United States,Nominated for 1 Oscar. 3 wins & 5 nominations total,85,"$51,600,000"
tt0147800,nowell,6,2024-10-24 12:53:03+00:00,10 Things I Hate About You,https://www.imdb.com/title/tt0147800/,movie,7.4,97,1999,"Comedy, Drama, Romance","430,258",31 Mar 1999,Gil Junger,"Heath Ledger, Julia Stiles, Joseph Gordon-Levitt","English, French",United States,2 wins & 13 nominations total,70,"$38,178,166"
tt27534307,nowell,5,2024-10-20 18:48:23+00:00,Speak No Evil,https://www.imdb.com/title/tt27534307/,movie,6.8,110,2024,"Drama, Horror, Thriller","119,346",13 Sep 2024,James Watkins,"James McAvoy, Mackenzie Davis, Scoot McNairy","English, Italian","Croatia, Canada, United States",1 win & 5 nominations total,66,"$36,931,420"
tt0268380,nowell,3,2024-10-10 22:07:51+00:00,Ice Age,https://www.imdb.com/title/tt0268380/,movie,7.5,81,2002,"Animation, Adventure, Comedy","550,167",15 Mar 2002,"Chris Wedge, Carlos Saldanha","Denis Leary, John Leguizamo, Ray Romano",English,United States,Nominated for 1 Oscar. 5 wins & 30 nominations total,61,"$176,387,405"
tt8110652,nowell,6,2024-10-06 11:35:12+00:00,Bodies Bodies Bodies,https://www.imdb.com/title/tt8110652/,movie,6.2,94,2022,"Comedy, Horror, Mystery","84,537",12 Aug 2022,Halina Reijn,"Amandla Stenberg, Maria Bakalova, Myha'la",English,"United States, France",2 wins & 16 nominations total,69,"$11,446,602"
tt0071315,nowell,6,2024-10-03 17:43:37+00:00,Chinatown,https://www.imdb.com/title/tt0071315/,movie,8.1,130,1974,"Drama, Mystery, Thriller","368,033",20 Jun 1974,Roman Polanski,"Jack Nicholson, Faye Dunaway, John Huston","English, Cantonese, Spanish",United States,Won 1 Oscar. 21 wins & 24 nominations total,92,"$29,200,000"
tt0454921,nowell,6,2024-10-01 19:18:42+00:00,The Pursuit of Happyness,https://www.imdb.com/title/tt0454921/,movie,8.0,117,2006,"Biography, Drama","601,035",15 Dec 2006,Gabriele Muccino,"Will Smith, Thandiwe Newton, Jaden Smith","English, Cantonese",United States,Nominated for 1 Oscar. 12 wins & 26 nominations total,64,"$163,566,459"
tt0120794,nowell,6,2024-10-01 19:17:21+00:00,The Prince of Egypt,https://www.imdb.com/title/tt0120794/,movie,7.2,99,1998,"Animation, Adventure, Drama","157,645",18 Dec 1998,"Brenda Chapman, Steve Hickner, Simon Wells","Val Kilmer, Ralph Fiennes, Michelle Pfeiffer","English, Hebrew","United States, Canada",Won 1 Oscar. 12 wins & 27 nominations total,64,"$101,413,188"
tt0120794,taylor,8,2024-12-25 19:48:09+00:00,The Prince of Egypt,https://www.imdb.com/title/tt0120794/,movie,7.2,99,1998,"Animation, Adventure, Drama","157,645",18 Dec 1998,"Brenda Chapman, Steve Hickner, Simon Wells","Val Kilmer, Ralph Fiennes, Michelle Pfeiffer","English, Hebrew","United States, Canada",Won 1 Oscar. 12 wins & 27 nominations total,64,"$101,413,188"
tt17526714,nowell,7,2024-09-26 07:27:25+00:00,The Substance,https://www.imdb.com/title/tt17526714/,movie,7.2,141,2024,"Drama, Horror, Sci-Fi","334,591",20 Sep 2024,Coralie Fargeat,"Demi Moore, Margaret Qualley, Dennis Quaid",English,"United Kingdom, France",Won 1 Oscar. 142 wins & 287 nominations total,78,"$17,584,795"
tt12593682,nowell,4,2024-09-20 00:00:00+00:00,Bullet Train,https://www.imdb.com/title/tt12593682/,movie,7.3,127,2022,"Action, Comedy, Thriller","508,715",05 Aug 2022,David Leitch,"Brad Pitt, Joey King, Aaron Taylor-Johnson","English, Japanese, Spanish, Russian","United States, Japan",2 wins & 19 nominations total,49,"$103,368,602"
tt13433802,nowell,4,2024-09-20 00:00:00+00:00,A Quiet Place: Day One,https://www.imdb.com/title/tt13433802/,movie,6.3,99,2024,"Drama, Horror, Sci-Fi","161,086",28 Jun 2024,Michael Sarnoski,"Lupita Nyong'o, Joseph Quinn, Alex Wolff","American Sign , English","United States, United Kingdom, Canada",5 wins & 12 nominations total,68,"$139,051,884"
tt13433802,taylor,4,2024-09-20 21:29:23+00:00,A Quiet Place: Day One,https://www.imdb.com/title/tt13433802/,movie,6.3,99,2024,"Drama, Horror, Sci-Fi","161,086",28 Jun 2024,Michael Sarnoski,"Lupita Nyong'o, Joseph Quinn, Alex Wolff","American Sign , English","United States, United Kingdom, Canada",5 wins & 12 nominations total,68,"$139,051,884"
tt6263850,nowell,7,2024-09-15 13:53:13+00:00,Deadpool & Wolverine,https://www.imdb.com/title/tt6263850/,movie,7.5,128,2024,"Action, Adventure, Comedy","532,149",26 Jul 2024,Shawn Levy,"Ryan Reynolds, Hugh Jackman, Emma Corrin","English, French, Spanish","United States, United Kingdom, New Zealand, Canada",29 wins & 70 nominations total,56,"$636,745,858"
tt6263850,taylor,8,2024-07-26 09:01:36+00:00,Deadpool & Wolverine,https://www.imdb.com/title/tt6263850/,movie,7.5,128,2024,"Action, Adventure, Comedy","532,149",26 Jul 2024,Shawn Levy,"Ryan Reynolds, Hugh Jackman, Emma Corrin","English, French, Spanish","United States, United Kingdom, New Zealand, Canada",29 wins & 70 nominations total,56,"$636,745,858"
tt0325980,nowell,8,2024-09-12 11:30:05+00:00,Pirates of the Caribbean: The Curse of the Black Pearl,https://www.imdb.com/title/tt0325980/,movie,8.1,143,2003,"Action, Adventure, Fantasy","1,289,878",09 Jul 2003,Gore Verbinski,"Johnny Depp, Geoffrey Rush, Orlando Bloom",English,United States,Nominated for 5 Oscars. 38 wins & 104 nominations total,63,"$305,413,918"
tt14230458,nowell,6,2024-09-12 11:29:20+00:00,Poor Things,https://www.imdb.com/title/tt14230458/,movie,7.8,141,2023,"Comedy, Drama, Romance","352,566",22 Dec 2023,Yorgos Lanthimos,"Emma Stone, Mark Ruffalo, Willem Dafoe","English, French, Portuguese","Ireland, United Kingdom, United States, Hungary",Won 4 Oscars. 120 wins & 424 nominations total,88,"$34,553,225"
tt14858658,nowell,6,2024-09-12 11:23:42+00:00,Blink Twice,https://www.imdb.com/title/tt14858658/,movie,6.5,102,2024,"Mystery, Thriller","116,569",23 Aug 2024,Zoë Kravitz,"Naomi Ackie, Channing Tatum, Alia Shawkat",English,"United States, Mexico",5 wins & 22 nominations total,66,"$23,093,906"
tt14858658,taylor,6,2024-12-22 03:22:28+00:00,Blink Twice,https://www.imdb.com/title/tt14858658/,movie,6.5,102,2024,"Mystery, Thriller","116,569",23 Aug 2024,Zoë Kravitz,"Naomi Ackie, Channing Tatum, Alia Shawkat",English,"United States, Mexico",5 wins & 22 nominations total,66,"$23,093,906"
tt0047396,nowell,7,2024-09-04 23:47:20+00:00,Rear Window,https://www.imdb.com/title/tt0047396/,movie,8.5,112,1954,"Drama, Mystery, Thriller","555,713",01 Sep 1954,Alfred Hitchcock,"James Stewart, Grace Kelly, Wendell Corey",English,United States,Nominated for 4 Oscars. 7 wins & 14 nominations total,100,"$37,622,343"
tt0382932,nowell,8,2024-09-02 20:46:15+00:00,Ratatouille,https://www.imdb.com/title/tt0382932/,movie,8.1,111,2007,"Animation, Adventure, Comedy","906,486",29 Jun 2007,"Brad Bird, Jan Pinkava","Brad Garrett, Lou Romano, Patton Oswalt","English, French",United States,Won 1 Oscar. 68 wins & 42 nominations total,96,"$206,445,654"
tt1001526,nowell,6,2024-08-30 07:00:34+00:00,Megamind,https://www.imdb.com/title/tt1001526/,movie,7.3,95,2010,"Animation, Action, Adventure","317,366",05 Nov 2010,Tom McGrath,"Will Ferrell, Jonah Hill, Brad Pitt",English,"United States, Australia",2 wins & 16 nominations total,63,"$148,415,853"
tt2527336,nowell,4,2024-08-30 06:59:27+00:00,Star Wars: Episode VIII - The Last Jedi,https://www.imdb.com/title/tt2527336/,movie,6.8,152,2017,"Action, Adventure, Fantasy","705,193",15 Dec 2017,Rian Johnson,"Daisy Ridley, John Boyega, Mark Hamill",English,United States,Nominated for 4 Oscars. 26 wins & 100 nominations total,84,"$620,181,382"
tt1631867,nowell,6,2024-08-30 06:59:15+00:00,Edge of Tomorrow,https://www.imdb.com/title/tt1631867/,movie,7.9,113,2014,"Action, Adventure, Sci-Fi","785,566",06 Jun 2014,Doug Liman,"Tom Cruise, Emily Blunt, Bill Paxton",English,"United States, Canada, India",11 wins & 38 nominations total,71,"$100,206,256"
tt0043014,nowell,8,2024-08-30 06:58:51+00:00,Sunset Boulevard,https://www.imdb.com/title/tt0043014/,movie,8.4,110,1950,"Drama, Film-Noir","248,927",04 Aug 1950,Billy Wilder,"William Holden, Gloria Swanson, Erich von Stroheim",English,United States,Won 3 Oscars. 21 wins & 20 nominations total,94,"$299,645"
tt0113118,nowell,7,2024-08-30 06:58:43+00:00,Friday,https://www.imdb.com/title/tt0113118/,movie,7.2,91,1995,"Comedy, Drama","133,352",26 Apr 1995,F. Gary Gray,"Ice Cube, Chris Tucker, Nia Long",English,United States,1 win & 5 nominations total,54,"$27,467,564"
tt0082971,nowell,7,2024-08-30 06:58:20+00:00,Raiders of the Lost Ark,https://www.imdb.com/title/tt0082971/,movie,8.4,115,1981,"Action, Adventure","1,089,167",12 Jun 1981,Steven Spielberg,"Harrison Ford, Karen Allen, Paul Freeman","English, German, Spanish, Nepali, Hebrew, Arabic",United States,Won 4 Oscars. 41 wins & 24 nominations total,86,"$248,159,971"
tt7349950,nowell,8,2024-08-30 06:57:51+00:00,It: Chapter Two,https://www.imdb.com/title/tt7349950/,movie,6.5,169,2019,"Drama, Fantasy, Horror","332,850",06 Sep 2019,Andy Muschietti,"Jessica Chastain, James McAvoy, Bill Hader","English, North American Indian, Spanish","United States, Canada",7 wins & 34 nominations total,58,"$211,622,525"
tt0088247,nowell,8,2024-08-30 06:57:44+00:00,The Terminator,https://www.imdb.com/title/tt0088247/,movie,8.1,107,1984,"Action, Adventure, Sci-Fi","978,810",26 Oct 1984,James Cameron,"Arnold Schwarzenegger, Linda Hamilton, Michael Biehn","English, Spanish","United Kingdom, United States",9 wins & 8 nominations total,84,"$38,371,200"
tt7286456,nowell,4,2024-08-30 06:56:47+00:00,Joker,https://www.imdb.com/title/tt7286456/,movie,8.3,122,2019,"Crime, Drama, Thriller","1,637,986",04 Oct 2019,Todd Phillips,"Joaquin Phoenix, Robert De Niro, Zazie Beetz","English, German","United States, Canada, Australia",Won 2 Oscars. 120 wins & 246 nominations total,59,"$335,477,657"
tt0851578,nowell,7,2024-08-30 06:56:41+00:00,Paprika,https://www.imdb.com/title/tt0851578/,movie,7.7,90,2006,"Animation, Drama, Fantasy","107,237",22 Jun 2007,Satoshi Kon,"Megumi Hayashibara, Tôru Emori, Katsunosuke Hori","Japanese, English",Japan,6 wins & 5 nominations total,81,"$882,267"
tt6412452,nowell,7,2024-08-30 06:56:37+00:00,The Ballad of Buster Scruggs,https://www.imdb.com/title/tt6412452/,movie,7.2,133,2018,"Comedy, Drama, Musical","177,474",09 Nov 2018,"Ethan Coen, Joel Coen","Tim Blake Nelson, Willie Watson, Clancy Brown","English, French",United States,Nominated for 3 Oscars. 6 wins & 38 nominations total,79,N/A
tt7131622,nowell,4,2024-08-30 06:56:16+00:00,Once Upon a Time... in Hollywood,https://www.imdb.com/title/tt7131622/,movie,7.6,161,2019,"Comedy, Drama","924,807",26 Jul 2019,Quentin Tarantino,"Leonardo DiCaprio, Brad Pitt, Margot Robbie","English, Italian, Spanish, German","United States, United Kingdom, China",Won 2 Oscars. 146 wins & 377 nominations total,84,"$142,502,728"
tt7131622,taylor,4,2021-07-25 00:00:00+00:00,Once Upon a Time... in Hollywood,https://www.imdb.com/title/tt7131622/,movie,7.6,161,2019,"Comedy, Drama","924,807",26 Jul 2019,Quentin Tarantino,"Leonardo DiCaprio, Brad Pitt, Margot Robbie","English, Italian, Spanish, German","United States, United Kingdom, China",Won 2 Oscars. 146 wins & 377 nominations total,84,"$142,502,728"
tt5607028,nowell,4,2024-08-30 06:56:10+00:00,Fullmetal Alchemist,https://www.imdb.com/title/tt5607028/,movie,5.3,135,2017,"Action, Adventure, Fantasy","21,471",01 Dec 2017,Fumihiko Sori,"Ryôsuke Yamada, Tsubasa Honda, Dean Fujioka","Japanese, English",Japan,N/A,48,N/A
tt5323662,nowell,5,2024-08-30 06:55:47+00:00,A Silent Voice: The Movie,https://www.imdb.com/title/tt5323662/,movie,8.1,130,2016,"Animation, Drama","122,060",17 Sep 2016,Naoko Yamada,"Miyu Irino, Saori Hayami, Aoi Yûki","Japanese, Japanese Sign , English",Japan,6 wins & 9 nominations total,78,"$1,079,689"
tt1599348,nowell,6,2024-08-30 06:55:42+00:00,Safe House,https://www.imdb.com/title/tt1599348/,movie,6.7,115,2012,"Action, Thriller","245,397",10 Feb 2012,Daniel Espinosa,"Denzel Washington, Ryan Reynolds, Robert Patrick","English, Afrikaans","Japan, United States",1 win & 7 nominations total,52,"$126,373,434"
tt7846844,nowell,6,2024-08-30 06:55:36+00:00,Enola Holmes,https://www.imdb.com/title/tt7846844/,movie,6.6,123,2020,"Adventure, Crime, Drama","236,062",23 Sep 2020,Harry Bradbeer,"Millie Bobby Brown, Henry Cavill, Sam Claflin",English,United States,4 wins & 11 nominations total,68,N/A
tt4633694,nowell,8,2024-08-30 06:55:30+00:00,Spider-Man: Into the Spider-Verse,https://www.imdb.com/title/tt4633694/,movie,8.4,117,2018,"Animation, Action, Adventure","754,444",14 Dec 2018,"Bob Persichetti, Peter Ramsey, Rodney Rothman","Shameik Moore, Jake Johnson, Hailee Steinfeld","English, Spanish","Canada, United States",Won 1 Oscar. 85 wins & 60 nominations total,87,"$190,241,310"
tt9239552,nowell,8,2024-08-30 06:55:24+00:00,Konosuba!: God's Blessing on This Wonderful World! - Legend of Crimson,https://www.imdb.com/title/tt9239552/,movie,7.8,90,2019,"Animation, Action, Adventure","6,237",30 Aug 2019,Takaomi Kanasaki,"Jun Fukushima, Sora Amamiya, Rie Takahashi",Japanese,Japan,1 win & 1 nomination total,N/A,"$1,134,786"
tt5311514,nowell,8,2024-08-30 06:55:19+00:00,Your Name.,https://www.imdb.com/title/tt5311514/,movie,8.4,106,2016,"Animation, Drama, Fantasy","368,914",07 Apr 2017,Makoto Shinkai,"Ryûnosuke Kamiki, Mone Kamishiraishi, Ryo Narita",Japanese,Japan,17 wins & 27 nominations total,81,"$5,017,246"
tt8526872,nowell,8,2024-08-30 06:55:12+00:00,Dolemite Is My Name,https://www.imdb.com/title/tt8526872/,movie,7.2,118,2019,"Biography, Comedy, Drama","66,957",25 Oct 2019,Craig Brewer,"Eddie Murphy, Keegan-Michael Key, Mike Epps",English,United States,30 wins & 66 nominations total,76,N/A
tt0102926,nowell,8,2024-08-29 20:39:01+00:00,The Silence of the Lambs,https://www.imdb.com/title/tt0102926/,movie,8.6,118,1991,"Crime, Drama, Horror","1,667,162",14 Feb 1991,Jonathan Demme,"Jodie Foster, Anthony Hopkins, Scott Glenn","English, Latin",United States,Won 5 Oscars. 71 wins & 50 nominations total,86,"$130,742,922"
tt22022452,nowell,5,2024-08-29 20:38:53+00:00,Inside Out 2,https://www.imdb.com/title/tt22022452/,movie,7.5,96,2024,"Animation, Adventure, Comedy","230,385",14 Jun 2024,Kelsey Mann,"Amy Poehler, Maya Hawke, Kensington Tallman","English, French, Spanish",United States,Nominated for 1 Oscar. 7 wins & 106 nominations total,73,"$652,980,194"
tt22050754,nowell,1,2024-08-29 20:38:44+00:00,The Strangers: Chapter 1,https://www.imdb.com/title/tt22050754/,movie,4.6,91,2024,Horror,"24,124",17 May 2024,Renny Harlin,"Madelaine Petsch, Ryan Bown, Matus Lajcak",English,"United States, United Kingdom, Slovenia, Slovakia, Switzerland, Spain",N/A,43,"$35,202,562"
tt19637052,nowell,6,2024-08-29 20:38:33+00:00,Love Lies Bleeding,https://www.imdb.com/title/tt19637052/,movie,6.6,104,2024,"Crime, Drama, Mystery","59,554",03 May 2024,Rose Glass,"Anna Baryshnikov, Kristen Stewart, Dave Franco",English,"United Kingdom, United States",Nominated for 1 BAFTA Award5 wins & 49 nominations total,77,"$8,335,797"
tt11389872,nowell,7,2024-08-29 20:38:16+00:00,Kingdom of the Planet of the Apes,https://www.imdb.com/title/tt11389872/,movie,6.8,145,2024,"Action, Adventure, Drama","160,808",10 May 2024,Wes Ball,"Owen Teague, Freya Allan, Kevin Durand","English, American Sign ","United States, Canada",Nominated for 1 Oscar. 4 wins & 62 nominations total,66,"$171,130,165"
tt11389872,taylor,7,2024-05-18 00:00:00+00:00,Kingdom of the Planet of the Apes,https://www.imdb.com/title/tt11389872/,movie,6.8,145,2024,"Action, Adventure, Drama","160,808",10 May 2024,Wes Ball,"Owen Teague, Freya Allan, Kevin Durand","English, American Sign ","United States, Canada",Nominated for 1 Oscar. 4 wins & 62 nominations total,66,"$171,130,165"
tt27802490,nowell,5,2024-08-29 20:38:05+00:00,Exhuma,https://www.imdb.com/title/tt27802490/,movie,6.9,134,2024,"Horror, Mystery","26,233",22 Feb 2024,Jang Jae-hyun,"Kim Go-eun, Choi Min-sik, Lee Do-hyun","Korean, English, Japanese",South Korea,11 wins & 23 nominations total,80,"$2,310,900"
tt0080684,nowell,8,2024-08-29 20:37:58+00:00,Star Wars: Episode V - The Empire Strikes Back,https://www.imdb.com/title/tt0080684/,movie,8.7,124,1980,"Action, Adventure, Fantasy","1,465,206",18 Jun 1980,Irvin Kershner,"Mark Hamill, Harrison Ford, Carrie Fisher",English,United States,Won 1 Oscar. 27 wins & 21 nominations total,82,"$292,753,960"
tt21192142,nowell,5,2024-08-29 20:37:49+00:00,All of Us Strangers,https://www.imdb.com/title/tt21192142/,movie,7.6,105,2023,"Drama, Romance","71,333",22 Dec 2023,Andrew Haigh,"Andrew Scott, Paul Mescal, Carter John Grout",English,"United Kingdom, United States",Nominated for 6 BAFTA 32 wins & 124 nominations total,90,"$4,050,103"
tt17351924,nowell,7,2024-08-29 20:37:24+00:00,Saltburn,https://www.imdb.com/title/tt17351924/,movie,7.0,131,2023,"Drama, Thriller","248,413",22 Dec 2023,Emerald Fennell,"Barry Keoghan, Jacob Elordi, Rosamund Pike",English,"United Kingdom, United States",Nominated for 5 BAFTA 15 wins & 107 nominations total,61,"$11,425,829"
tt17351924,taylor,7,2024-01-01 00:00:00+00:00,Saltburn,https://www.imdb.com/title/tt17351924/,movie,7.0,131,2023,"Drama, Thriller","248,413",22 Dec 2023,Emerald Fennell,"Barry Keoghan, Jacob Elordi, Rosamund Pike",English,"United Kingdom, United States",Nominated for 5 BAFTA 15 wins & 107 nominations total,61,"$11,425,829"
tt27503384,nowell,6,2024-08-29 20:37:05+00:00,Perfect Days,https://www.imdb.com/title/tt27503384/,movie,7.9,124,2023,Drama,"88,839",21 Dec 2023,Wim Wenders,"Kôji Yakusho, Tokio Emoto, Arisa Nakano","Japanese, English","Japan, Germany",Nominated for 1 Oscar. 14 wins & 47 nominations total,80,"$3,766,668"
tt21064584,nowell,7,2024-08-29 20:36:58+00:00,The Iron Claw,https://www.imdb.com/title/tt21064584/,movie,7.6,132,2023,"Biography, Drama, Sport","110,169",22 Dec 2023,Sean Durkin,"Zac Efron, Jeremy Allen White, Harris Dickinson",English,"United Kingdom, United States",4 wins & 42 nominations total,73,"$35,070,296"
tt23561236,nowell,7,2024-08-29 20:36:49+00:00,American Fiction,https://www.imdb.com/title/tt23561236/,movie,7.5,117,2023,"Comedy, Drama","113,006",22 Dec 2023,Cord Jefferson,"Jeffrey Wright, Skyler Wright, John Ales",English,United States,Won 1 Oscar. 64 wins & 174 nominations total,81,"$21,098,470"
tt5537002,nowell,9,2024-08-29 20:32:45+00:00,Killers of the Flower Moon,https://www.imdb.com/title/tt5537002/,movie,7.5,206,2023,"Crime, Drama, History","291,667",20 Oct 2023,Martin Scorsese,"Leonardo DiCaprio, Robert De Niro, Lily Gladstone","English, Osage, Latin, French",United States,Nominated for 10 Oscars. 136 wins & 424 nominations total,89,"$68,035,488"
tt15398776,nowell,8,2024-08-29 20:32:26+00:00,Oppenheimer,https://www.imdb.com/title/tt15398776/,movie,8.3,180,2023,"Biography, Drama, History","945,602",21 Jul 2023,Christopher Nolan,"Cillian Murphy, Emily Blunt, Matt Damon","English, German, Italian, Dutch","United States, United Kingdom",Won 7 Oscars. 364 wins & 373 nominations total,90,"$330,078,895"
tt15398776,taylor,7,2024-01-27 00:00:00+00:00,Oppenheimer,https://www.imdb.com/title/tt15398776/,movie,8.3,180,2023,"Biography, Drama, History","945,602",21 Jul 2023,Christopher Nolan,"Cillian Murphy, Emily Blunt, Matt Damon","English, German, Italian, Dutch","United States, United Kingdom",Won 7 Oscars. 364 wins & 373 nominations total,90,"$330,078,895"
tt15671028,nowell,4,2024-08-29 20:32:18+00:00,No Hard Feelings,https://www.imdb.com/title/tt15671028/,movie,6.3,103,2023,"Comedy, Romance","203,832",23 Jun 2023,Gene Stupnitsky,"Jennifer Lawrence, Andrew Barth Feldman, Laura Benanti",English,United States,1 win & 10 nominations total,59,"$50,452,282"
tt4975722,nowell,9,2024-08-29 20:32:10+00:00,Moonlight,https://www.imdb.com/title/tt4975722/,movie,7.4,111,2016,Drama,"345,000",18 Nov 2016,Barry Jenkins,"Mahershala Ali, Naomie Harris, Trevante Rhodes",English,United States,Won 3 Oscars. 235 wins & 310 nominations total,99,"$27,854,932"
tt0439572,nowell,1,2024-08-29 20:32:04+00:00,The Flash,https://www.imdb.com/title/tt0439572/,movie,6.6,144,2023,"Action, Adventure, Fantasy","240,556",16 Jun 2023,Andy Muschietti,"Ezra Miller, Michael Keaton, Sasha Calle",English,"United States, Canada, Australia, New Zealand",5 wins & 7 nominations total,55,"$108,133,313"
tt6499752,nowell,7,2024-08-29 20:31:37+00:00,Upgrade,https://www.imdb.com/title/tt6499752/,movie,7.5,100,2018,"Action, Sci-Fi, Thriller","226,883",01 Jun 2018,Leigh Whannell,"Logan Marshall-Green, Melanie Vallejo, Steve Danielsen","English, Dutch","United States, Australia",3 wins & 26 nominations total,67,"$11,977,130"
tt9362722,nowell,10,2024-08-29 20:31:27+00:00,Spider-Man: Across the Spider-Verse,https://www.imdb.com/title/tt9362722/,movie,8.5,140,2023,"Animation, Action, Adventure","477,183",02 Jun 2023,"Joaquim Dos Santos, Kemp Powers, Justin K. Thompson","Shameik Moore, Hailee Steinfeld, Brian Tyree Henry",English,United States,Nominated for 1 Oscar. 106 wins & 164 nominations total,86,"$381,593,754"
tt9639470,nowell,5,2024-08-29 20:31:00+00:00,Last Night in Soho,https://www.imdb.com/title/tt9639470/,movie,7.0,116,2021,"Drama, Horror, Mystery","194,327",29 Oct 2021,Edgar Wright,"Thomasin McKenzie, Anya Taylor-Joy, Matt Smith",English,"United Kingdom, China",Nominated for 2 BAFTA 24 wins & 77 nominations total,65,"$10,127,625"
tt0470752,nowell,8,2024-08-29 20:30:51+00:00,Ex Machina,https://www.imdb.com/title/tt0470752/,movie,7.7,108,2014,"Drama, Sci-Fi, Thriller","623,617",24 Apr 2015,Alex Garland,"Alicia Vikander, Domhnall Gleeson, Oscar Isaac",English,"United Kingdom, United States",Won 1 Oscar. 74 wins & 162 nominations total,78,"$25,442,958"
tt3915174,nowell,8,2024-08-29 20:30:35+00:00,Puss in Boots: The Last Wish,https://www.imdb.com/title/tt3915174/,movie,7.8,102,2022,"Animation, Action, Adventure","212,498",21 Dec 2022,"Joel Crawford, Januel Mercado","Antonio Banderas, Salma Hayek, Harvey Guillén","English, Spanish","United States, Japan",Nominated for 1 Oscar. 8 wins & 57 nominations total,73,"$186,090,535"
tt3915174,taylor,8,2023-07-25 00:00:00+00:00,Puss in Boots: The Last Wish,https://www.imdb.com/title/tt3915174/,movie,7.8,102,2022,"Animation, Action, Adventure","212,498",21 Dec 2022,"Joel Crawford, Januel Mercado","Antonio Banderas, Salma Hayek, Harvey Guillén","English, Spanish","United States, Japan",Nominated for 1 Oscar. 8 wins & 57 nominations total,73,"$186,090,535"
tt1877830,nowell,8,2024-08-29 20:30:13+00:00,The Batman,https://www.imdb.com/title/tt1877830/,movie,7.8,176,2022,"Action, Crime, Drama","895,950",04 Mar 2022,Matt Reeves,"Robert Pattinson, Zoë Kravitz, Jeffrey Wright","English, Spanish, Latin, Italian",United States,Nominated for 3 Oscars. 39 wins & 175 nominations total,72,"$369,345,583"
tt1877830,taylor,7,2022-06-22 00:00:00+00:00,The Batman,https://www.imdb.com/title/tt1877830/,movie,7.8,176,2022,"Action, Crime, Drama","895,950",04 Mar 2022,Matt Reeves,"Robert Pattinson, Zoë Kravitz, Jeffrey Wright","English, Spanish, Latin, Italian",United States,Nominated for 3 Oscars. 39 wins & 175 nominations total,72,"$369,345,583"
tt11564570,nowell,8,2024-08-29 20:29:54+00:00,Glass Onion,https://www.imdb.com/title/tt11564570/,movie,7.1,139,2022,"Comedy, Crime, Drama","484,272",23 Dec 2022,Rian Johnson,"Daniel Craig, Edward Norton, Kate Hudson","English, French",United States,Nominated for 1 Oscar. 53 wins & 140 nominations total,81,"$13,280,000"
tt11564570,taylor,8,2022-12-25 00:00:00+00:00,Glass Onion,https://www.imdb.com/title/tt11564570/,movie,7.1,139,2022,"Comedy, Crime, Drama","484,272",23 Dec 2022,Rian Johnson,"Daniel Craig, Edward Norton, Kate Hudson","English, French",United States,Nominated for 1 Oscar. 53 wins & 140 nominations total,81,"$13,280,000"
tt0169858,nowell,8,2024-08-29 20:29:44+00:00,Neon Genesis Evangelion: The End of Evangelion,https://www.imdb.com/title/tt0169858/,movie,8.1,87,1997,"Animation, Action, Drama","72,214",17 Mar 2024,"Hideaki Anno, Kazuya Tsurumaki","Megumi Ogata, Megumi Hayashibara, Yûko Miyamura",Japanese,Japan,2 wins total,N/A,"$1,302,300"
tt13640696,nowell,6,2024-08-29 20:29:35+00:00,See How They Run,https://www.imdb.com/title/tt13640696/,movie,6.5,98,2022,"Comedy, Crime, Mystery","71,558",16 Sep 2022,Tom George,"Kieran Hodgson, Pearl Chanda, Gregory Cox","English, Neapolitan, French","United Kingdom, United States",Nominated for 1 BAFTA Award4 nominations total,60,"$9,586,237"
tt0120735,nowell,8,2024-08-29 20:29:27+00:00,"Lock, Stock and Two Smoking Barrels",https://www.imdb.com/title/tt0120735/,movie,8.1,107,1998,"Comedy, Crime","640,656",28 Aug 1998,Guy Ritchie,"Jason Flemyng, Dexter Fletcher, Nick Moran",English,"United Kingdom, United States",Won 1 BAFTA Award13 wins & 9 nominations total,67,"$3,753,929"
tt0075314,nowell,8,2024-08-29 20:29:20+00:00,Taxi Driver,https://www.imdb.com/title/tt0075314/,movie,8.2,114,1976,"Crime, Drama","989,092",09 Feb 1976,Martin Scorsese,"Robert De Niro, Jodie Foster, Cybill Shepherd","English, Spanish",United States,Nominated for 4 Oscars. 22 wins & 21 nominations total,94,"$28,262,574"
tt11866324,nowell,8,2024-08-29 20:29:12+00:00,Prey,https://www.imdb.com/title/tt11866324/,movie,7.1,100,2022,"Action, Adventure, Sci-Fi","256,314",05 Aug 2022,Dan Trachtenberg,"Amber Midthunder, Dakota Beavers, Dane DiLiegro","English, French",United States,Won 1 Primetime Emmy. 12 wins & 44 nominations total,71,N/A
tt11866324,taylor,6,2023-06-14 00:00:00+00:00,Prey,https://www.imdb.com/title/tt11866324/,movie,7.1,100,2022,"Action, Adventure, Sci-Fi","256,314",05 Aug 2022,Dan Trachtenberg,"Amber Midthunder, Dakota Beavers, Dane DiLiegro","English, French",United States,Won 1 Primetime Emmy. 12 wins & 44 nominations total,71,N/A
tt0093773,nowell,6,2024-08-29 20:28:59+00:00,Predator,https://www.imdb.com/title/tt0093773/,movie,7.8,107,1987,"Action, Adventure, Horror","481,048",12 Jun 1987,John McTiernan,"Arnold Schwarzenegger, Carl Weathers, Kevin Peter Hall","English, Spanish, Russian","United States, Mexico",Nominated for 1 Oscar. 3 wins & 6 nominations total,47,"$59,735,548"
tt0053291,nowell,8,2024-08-29 20:14:06+00:00,Some Like It Hot,https://www.imdb.com/title/tt0053291/,movie,8.2,121,1959,"Comedy, Music, Romance","297,275",19 Mar 1959,Billy Wilder,"Marilyn Monroe, Tony Curtis, Jack Lemmon","English, French",United States,Won 1 Oscar. 11 wins & 13 nominations total,98,N/A
tt0119698,nowell,8,2024-08-29 20:13:49+00:00,Princess Mononoke,https://www.imdb.com/title/tt0119698/,movie,8.3,133,1997,"Animation, Adventure, Fantasy","470,016",12 Jul 1997,Hayao Miyazaki,"Yôji Matsuda, Yuriko Ishida, Yûko Tanaka",Japanese,Japan,14 wins & 6 nominations total,78,"$11,696,687"
tt2582802,nowell,8,2024-08-29 20:13:38+00:00,Whiplash,https://www.imdb.com/title/tt2582802/,movie,8.5,106,2014,"Drama, Music","1,093,323",15 Oct 2014,Damien Chazelle,"Miles Teller, J.K. Simmons, Melissa Benoist",English,United States,Won 3 Oscars. 99 wins & 144 nominations total,89,"$14,003,391"
tt10872600,nowell,8,2024-08-29 20:13:02+00:00,Spider-Man: No Way Home,https://www.imdb.com/title/tt10872600/,movie,8.2,148,2021,"Action, Adventure, Fantasy","980,924",17 Dec 2021,Jon Watts,"Tom Holland, Zendaya, Benedict Cumberbatch","English, Tagalog",United States,Nominated for 1 Oscar. 35 wins & 71 nominations total,71,"$814,866,759"
tt10872600,taylor,9,2021-12-18 00:00:00+00:00,Spider-Man: No Way Home,https://www.imdb.com/title/tt10872600/,movie,8.2,148,2021,"Action, Adventure, Fantasy","980,924",17 Dec 2021,Jon Watts,"Tom Holland, Zendaya, Benedict Cumberbatch","English, Tagalog",United States,Nominated for 1 Oscar. 35 wins & 71 nominations total,71,"$814,866,759"
tt3811906,nowell,6,2024-08-29 20:12:36+00:00,Malignant,https://www.imdb.com/title/tt3811906/,movie,6.2,111,2021,"Crime, Horror, Mystery","118,696",10 Sep 2021,James Wan,"Annabelle Wallis, Maddie Hasson, George Young",English,"United States, China",4 wins & 18 nominations total,51,"$13,391,791"
tt0373469,nowell,7,2024-08-29 20:12:19+00:00,Kiss Kiss Bang Bang,https://www.imdb.com/title/tt0373469/,movie,7.5,103,2005,"Comedy, Crime, Mystery","244,591",11 Nov 2005,Shane Black,"Robert Downey Jr., Val Kilmer, Michelle Monaghan",English,United States,5 wins & 16 nominations total,73,"$4,243,756"
tt0811080,nowell,7,2024-08-29 20:12:00+00:00,Speed Racer,https://www.imdb.com/title/tt0811080/,movie,6.1,135,2008,"Action, Adventure, Comedy","81,879",09 May 2008,"Lana Wachowski, Lilly Wachowski","Emile Hirsch, Matthew Fox, Christina Ricci",English,"United States, Germany, Australia, United Kingdom, Japan, France",1 win & 12 nominations total,37,"$43,945,766"
tt8946378,nowell,8,2024-08-29 20:11:50+00:00,Knives Out,https://www.imdb.com/title/tt8946378/,movie,7.9,130,2019,"Comedy, Crime, Drama","831,264",27 Nov 2019,Rian Johnson,"Daniel Craig, Chris Evans, Ana de Armas",English,United States,Nominated for 1 Oscar. 52 wins & 113 nominations total,82,"$165,363,234"
tt8946378,taylor,8,2021-08-06 00:00:00+00:00,Knives Out,https://www.imdb.com/title/tt8946378/,movie,7.9,130,2019,"Comedy, Crime, Drama","831,264",27 Nov 2019,Rian Johnson,"Daniel Craig, Chris Evans, Ana de Armas",English,United States,Nominated for 1 Oscar. 52 wins & 113 nominations total,82,"$165,363,234"
tt6334354,nowell,7,2024-08-29 20:11:32+00:00,The Suicide Squad,https://www.imdb.com/title/tt6334354/,movie,7.2,132,2021,"Action, Adventure, Comedy","445,385",05 Aug 2021,James Gunn,"Margot Robbie, Idris Elba, John Cena","English, Spanish, Japanese, Cantonese",United States,4 wins & 43 nominations total,72,"$55,817,425"
tt6334354,taylor,7,2021-08-03 00:00:00+00:00,The Suicide Squad,https://www.imdb.com/title/tt6334354/,movie,7.2,132,2021,"Action, Adventure, Comedy","445,385",05 Aug 2021,James Gunn,"Margot Robbie, Idris Elba, John Cena","English, Spanish, Japanese, Cantonese",United States,4 wins & 43 nominations total,72,"$55,817,425"
tt1392214,nowell,9,2024-08-29 20:10:59+00:00,Prisoners,https://www.imdb.com/title/tt1392214/,movie,8.2,153,2013,"Crime, Drama, Mystery","890,250",20 Sep 2013,Denis Villeneuve,"Hugh Jackman, Jake Gyllenhaal, Viola Davis",English,United States,Nominated for 1 Oscar. 10 wins & 38 nominations total,70,"$61,002,302"
tt1392214,taylor,9,2021-08-04 00:00:00+00:00,Prisoners,https://www.imdb.com/title/tt1392214/,movie,8.2,153,2013,"Crime, Drama, Mystery","890,250",20 Sep 2013,Denis Villeneuve,"Hugh Jackman, Jake Gyllenhaal, Viola Davis",English,United States,Nominated for 1 Oscar. 10 wins & 38 nominations total,70,"$61,002,302"
tt0291350,nowell,8,2024-08-29 20:10:49+00:00,Millennium Actress,https://www.imdb.com/title/tt0291350/,movie,7.8,87,2001,"Animation, Drama, Fantasy","35,009",14 Sep 2002,"Satoshi Kon, Kô Matsuo","Miyoko Shôji, Shôzô Îzuka, Mami Koyama","Japanese, English",Japan,6 wins & 8 nominations total,70,"$262,891"
tt0156887,nowell,8,2024-08-29 20:10:36+00:00,Perfect Blue,https://www.imdb.com/title/tt0156887/,movie,8.0,81,1997,"Animation, Crime, Drama","112,007",28 Feb 1998,Satoshi Kon,"Junko Iwao, Rica Matsumoto, Shinpachi Tsuji","Japanese, English",Japan,3 wins & 3 nominations total,67,"$558,598"
tt1899353,nowell,9,2024-08-29 20:10:31+00:00,The Raid: Redemption,https://www.imdb.com/title/tt1899353/,movie,7.6,101,2011,"Action, Crime, Thriller","225,910",13 Apr 2012,Gareth Evans,"Iko Uwais, Ananda George, Ray Sahetapy","Indonesian, English","Indonesia, France, United States",9 wins & 23 nominations total,73,"$4,105,187"
tt1899353,taylor,8,2023-12-31 00:00:00+00:00,The Raid: Redemption,https://www.imdb.com/title/tt1899353/,movie,7.6,101,2011,"Action, Crime, Thriller","225,910",13 Apr 2012,Gareth Evans,"Iko Uwais, Ananda George, Ray Sahetapy","Indonesian, English","Indonesia, France, United States",9 wins & 23 nominations total,73,"$4,105,187"
tt1343727,nowell,2,2024-08-29 20:10:11+00:00,Dredd,https://www.imdb.com/title/tt1343727/,movie,7.1,95,2012,"Action, Crime, Sci-Fi","306,807",21 Sep 2012,Pete Travis,"Karl Urban, Olivia Thirlby, Lena Headey",English,"United Kingdom, South Africa, United States, India",2 wins & 14 nominations total,60,"$13,414,714"
tt0361748,nowell,8,2024-08-29 20:09:36+00:00,Inglourious Basterds,https://www.imdb.com/title/tt0361748/,movie,8.4,153,2009,"Adventure, Drama, War","1,712,358",21 Aug 2009,Quentin Tarantino,"Brad Pitt, Diane Kruger, Eli Roth","English, German, French, Italian","United States, Germany",Won 1 Oscar. 134 wins & 173 nominations total,69,"$120,540,719"
tt6723592,nowell,9,2024-08-29 20:09:11+00:00,Tenet,https://www.imdb.com/title/tt6723592/,movie,7.3,150,2020,"Action, Sci-Fi, Thriller","641,768",03 Sep 2020,Christopher Nolan,"John David Washington, Robert Pattinson, Elizabeth Debicki",English,"United States, United Kingdom",Won 1 Oscar. 49 wins & 134 nominations total,69,"$58,504,105"
tt1638355,nowell,7,2024-08-29 20:08:35+00:00,The Man from U.N.C.L.E.,https://www.imdb.com/title/tt1638355/,movie,7.2,116,2015,"Action, Adventure, Comedy","349,120",14 Aug 2015,Guy Ritchie,"Henry Cavill, Armie Hammer, Alicia Vikander","English, Russian, German, Italian","United Kingdom, United States",8 wins & 7 nominations total,56,"$45,445,109"
tt7713068,nowell,6,2024-08-29 20:07:14+00:00,Birds of Prey and the Fantabulous Emancipation of One Harley Quinn,https://www.imdb.com/title/tt7713068/,movie,6.1,109,2020,"Action, Comedy, Crime","277,271",07 Feb 2020,Cathy Yan,"Margot Robbie, Rosie Perez, Mary Elizabeth Winstead","English, Chinese","United States, United Kingdom",18 wins & 77 nominations total,60,"$84,172,791"
tt0245429,nowell,8,2024-08-29 19:43:18+00:00,Spirited Away,https://www.imdb.com/title/tt0245429/,movie,8.6,124,2001,"Animation, Adventure, Family","933,707",28 Mar 2003,Hayao Miyazaki,"Daveigh Chase, Suzanne Pleshette, Miyu Irino","Japanese, English","Japan, United States",Won 1 Oscar. 58 wins & 31 nominations total,96,"$13,750,644"
tt8367814,nowell,8,2024-08-29 19:42:47+00:00,The Gentlemen,https://www.imdb.com/title/tt8367814/,movie,7.8,113,2019,"Action, Crime","440,729",24 Jan 2020,Guy Ritchie,"Matthew McConaughey, Charlie Hunnam, Michelle Dockery","English, Russian, Spanish, Chinese","United States, United Kingdom",1 win & 4 nominations total,51,"$36,471,795"
tt2584384,nowell,8,2024-08-29 19:42:17+00:00,Jojo Rabbit,https://www.imdb.com/title/tt2584384/,movie,7.9,108,2019,"Comedy, Drama, War","473,987",08 Nov 2019,Taika Waititi,"Roman Griffin Davis, Thomasin McKenzie, Scarlett Johansson","English, German","Czech Republic, New Zealand, United States, Germany",Won 1 Oscar. 52 wins & 190 nominations total,58,"$33,370,906"
tt0103064,nowell,7,2024-08-29 19:42:09+00:00,Terminator 2: Judgment Day,https://www.imdb.com/title/tt0103064/,movie,8.6,137,1991,"Action, Adventure, Sci-Fi","1,251,094",03 Jul 1991,James Cameron,"Arnold Schwarzenegger, Linda Hamilton, Edward Furlong","English, Spanish","United States, France",Won 4 Oscars. 39 wins & 33 nominations total,75,"$205,881,154"
tt0076759,nowell,6,2024-08-29 19:42:04+00:00,Star Wars: Episode IV - A New Hope,https://www.imdb.com/title/tt0076759/,movie,8.6,121,1977,"Action, Adventure, Fantasy","1,531,719",25 May 1977,George Lucas,"Mark Hamill, Harrison Ford, Carrie Fisher",English,United States,Won 6 Oscars. 70 wins & 31 nominations total,90,"$460,998,507"
tt0110413,nowell,8,2024-08-29 19:41:48+00:00,Léon: The Professional,https://www.imdb.com/title/tt0110413/,movie,8.5,110,1994,"Action, Crime, Drama","1,315,429",18 Nov 1994,Luc Besson,"Jean Reno, Gary Oldman, Natalie Portman","English, Italian, French","France, United States",5 wins & 16 nominations total,64,"$19,501,238"
tt0317705,nowell,9,2024-08-26 19:47:37+00:00,The Incredibles,https://www.imdb.com/title/tt0317705/,movie,8.0,115,2004,"Animation, Action, Adventure","875,373",05 Nov 2004,Brad Bird,"Craig T. Nelson, Samuel L. Jackson, Holly Hunter","English, French, German, Italian, Portuguese, Russian",United States,Won 2 Oscars. 69 wins & 56 nominations total,90,"$261,441,092"
tt0317705,taylor,8,2023-07-02 00:00:00+00:00,The Incredibles,https://www.imdb.com/title/tt0317705/,movie,8.0,115,2004,"Animation, Action, Adventure","875,373",05 Nov 2004,Brad Bird,"Craig T. Nelson, Samuel L. Jackson, Holly Hunter","English, French, German, Italian, Portuguese, Russian",United States,Won 2 Oscars. 69 wins & 56 nominations total,90,"$261,441,092"
tt10545296,nowell,6,2024-08-23 15:35:35+00:00,The Hunger Games: The Ballad of Songbirds & Snakes,https://www.imdb.com/title/tt10545296/,movie,6.6,157,2023,"Action, Adventure, Drama","169,815",17 Nov 2023,Francis Lawrence,"Rachel Zegler, Tom Blyth, Viola Davis",English,"United States, Canada",7 wins & 29 nominations total,54,"$166,350,594"
tt18412256,nowell,9,2024-08-22 00:05:30+00:00,Alien: Romulus,https://www.imdb.com/title/tt18412256/,movie,7.1,119,2024,"Horror, Sci-Fi, Thriller","269,109",16 Aug 2024,Fede Alvarez,"Cailee Spaeny, David Jonsson, Archie Renaux",English,"United Kingdom, United States, Hungary, Australia, New Zealand, Canada",Nominated for 1 Oscar. 15 wins & 54 nominations total,64,"$105,313,091"
tt0454848,nowell,8,2024-08-16 12:20:14+00:00,Inside Man,https://www.imdb.com/title/tt0454848/,movie,7.6,129,2006,"Crime, Drama, Mystery","417,398",24 Mar 2006,Spike Lee,"Denzel Washington, Clive Owen, Jodie Foster","English, Albanian, Spanish, Polish",United States,5 wins & 12 nominations total,76,"$88,513,495"
tt9471678,nowell,6,2024-08-16 12:17:31+00:00,Ultraman: Rising,https://www.imdb.com/title/tt9471678/,movie,6.9,117,2024,"Animation, Action, Adventure","7,019",14 Jun 2024,"Shannon Tindle, John Aoshima","Christopher Sean, Tamlyn Tomita, Rob Fukuzaki","English, Japanese","Japan, United States",1 win & 9 nominations total,66,N/A
tt0090605,nowell,7,2024-08-15 16:21:35+00:00,Aliens,https://www.imdb.com/title/tt0090605/,movie,8.4,137,1986,"Action, Adventure, Horror","822,366",18 Jul 1986,James Cameron,"Sigourney Weaver, Michael Biehn, Carrie Henn","English, Spanish","United Kingdom, United States",Won 2 Oscars. 20 wins & 25 nominations total,84,"$85,160,248"
tt0172495,nowell,7,2024-08-10 07:52:49+00:00,Gladiator,https://www.imdb.com/title/tt0172495/,movie,8.5,155,2000,"Action, Adventure, Drama","1,795,475",05 May 2000,Ridley Scott,"Russell Crowe, Joaquin Phoenix, Connie Nielsen",English,"United States, United Kingdom, Malta, Morocco",Won 5 Oscars. 60 wins & 104 nominations total,67,"$187,705,427"
tt0213065,nowell,7,2024-08-10 07:52:34+00:00,The Lorax,https://www.imdb.com/title/tt0213065/,movie,7.9,25,1972,"Animation, Drama, Family","3,545",14 Feb 1972,Hawley Pratt,"Eddie Albert, Bob Holt, Athena Lorde",English,United States,N/A,N/A,N/A
tt0154506,nowell,8,2024-08-09 05:39:05+00:00,Following,https://www.imdb.com/title/tt0154506/,movie,7.4,69,1998,"Crime, Mystery, Thriller","106,404",05 Nov 1999,Christopher Nolan,"Jeremy Theobald, Alex Haw, Lucy Russell",English,"United Kingdom, United States",5 wins & 4 nominations total,60,"$48,482"
tt2381941,nowell,7,2024-08-09 05:38:54+00:00,Focus,https://www.imdb.com/title/tt2381941/,movie,6.6,105,2015,"Comedy, Crime, Drama","289,889",27 Feb 2015,"Glenn Ficarra, John Requa","Will Smith, Margot Robbie, Rodrigo Santoro","English, Spanish","United States, Argentina",3 nominations total,56,"$53,862,963"
tt2381941,taylor,6,2021-04-10 00:00:00+00:00,Focus,https://www.imdb.com/title/tt2381941/,movie,6.6,105,2015,"Comedy, Crime, Drama","289,889",27 Feb 2015,"Glenn Ficarra, John Requa","Will Smith, Margot Robbie, Rodrigo Santoro","English, Spanish","United States, Argentina",3 nominations total,56,"$53,862,963"
tt9844522,nowell,6,2024-08-09 05:38:40+00:00,Escape Room: Tournament of Champions,https://www.imdb.com/title/tt9844522/,movie,5.7,88,2021,"Action, Adventure, Horror","65,985",16 Jul 2021,Adam Robitel,"Taylor Russell, Logan Miller, Deborah Ann Woll","English, Ukrainian","United States, South Africa, Hungary, Canada",1 win total,48,"$25,314,753"
tt9032400,nowell,7,2024-08-09 05:38:35+00:00,Eternals,https://www.imdb.com/title/tt9032400/,movie,6.2,156,2021,"Action, Adventure, Fantasy","415,580",05 Nov 2021,Chloé Zhao,"Gemma Chan, Richard Madden, Angelina Jolie","English, American Sign , Marathi, Assyrian Neo-Aramaic, Spanish, Sumerian, Latin, Sanskrit, Greek, Ancient (to 1453), Arabic",United States,7 wins & 18 nominations total,52,"$164,870,234"
tt9032400,taylor,6,2022-07-03 00:00:00+00:00,Eternals,https://www.imdb.com/title/tt9032400/,movie,6.2,156,2021,"Action, Adventure, Fantasy","415,580",05 Nov 2021,Chloé Zhao,"Gemma Chan, Richard Madden, Angelina Jolie","English, American Sign , Marathi, Assyrian Neo-Aramaic, Spanish, Sumerian, Latin, Sanskrit, Greek, Ancient (to 1453), Arabic",United States,7 wins & 18 nominations total,52,"$164,870,234"
tt5886046,nowell,8,2024-08-09 05:38:24+00:00,Escape Room,https://www.imdb.com/title/tt5886046/,movie,6.4,99,2019,"Action, Adventure, Horror","153,844",04 Jan 2019,Adam Robitel,"Taylor Russell, Logan Miller, Jay Ellis",English,"United States, South Africa",2 wins & 7 nominations total,48,"$57,005,601"
tt2906216,nowell,8,2024-08-09 05:38:14+00:00,Dungeons & Dragons: Honor Among Thieves,https://www.imdb.com/title/tt2906216/,movie,7.2,134,2023,"Action, Adventure, Comedy","266,535",31 Mar 2023,"John Francis Daley, Jonathan Goldstein","Chris Pine, Michelle Rodriguez, Regé-Jean Page",English,"United States, Canada, United Kingdom, Iceland, Ireland, Australia",4 wins & 21 nominations total,72,"$93,549,650"
tt15239678,nowell,9,2024-08-09 05:38:06+00:00,Dune: Part Two,https://www.imdb.com/title/tt15239678/,movie,8.5,166,2024,"Action, Adventure, Drama","666,586",01 Mar 2024,Denis Villeneuve,"Timothée Chalamet, Zendaya, Rebecca Ferguson",English,"United States, Canada, United Arab Emirates, Hungary, Italy, New Zealand, Jordan, Gambia",Won 2 Oscars. 116 wins & 372 nominations total,79,"$282,144,358"
tt15239678,taylor,9,2025-04-19 00:06:41+00:00,Dune: Part Two,https://www.imdb.com/title/tt15239678/,movie,8.5,166,2024,"Action, Adventure, Drama","666,586",01 Mar 2024,Denis Villeneuve,"Timothée Chalamet, Zendaya, Rebecca Ferguson",English,"United States, Canada, United Arab Emirates, Hungary, Italy, New Zealand, Jordan, Gambia",Won 2 Oscars. 116 wins & 372 nominations total,79,"$282,144,358"
tt1160419,nowell,8,2024-08-09 05:37:59+00:00,Dune: Part One,https://www.imdb.com/title/tt1160419/,movie,8.0,155,2021,"Action, Adventure, Drama","980,959",22 Oct 2021,Denis Villeneuve,"Timothée Chalamet, Rebecca Ferguson, Zendaya","English, Mandarin","United States, Canada",Won 6 Oscars. 175 wins & 298 nominations total,74,"$108,897,830"
tt1160419,taylor,8,2025-04-19 00:06:29+00:00,Dune: Part One,https://www.imdb.com/title/tt1160419/,movie,8.0,155,2021,"Action, Adventure, Drama","980,959",22 Oct 2021,Denis Villeneuve,"Timothée Chalamet, Rebecca Ferguson, Zendaya","English, Mandarin","United States, Canada",Won 6 Oscars. 175 wins & 298 nominations total,74,"$108,897,830"
tt0057012,nowell,7,2024-08-09 05:37:53+00:00,Dr. Strangelove or: How I Learned to Stop Worrying and Love the Bomb,https://www.imdb.com/title/tt0057012/,movie,8.3,95,1964,"Comedy, War","543,930",29 Jan 1964,Stanley Kubrick,"Peter Sellers, George C. Scott, Sterling Hayden","English, Russian","United Kingdom, United States",Nominated for 4 Oscars. 14 wins & 11 nominations total,97,"$9,440,272"
tt0299658,nowell,9,2024-08-09 05:37:38+00:00,Chicago,https://www.imdb.com/title/tt0299658/,movie,7.2,113,2002,"Comedy, Crime, Musical","251,491",24 Jan 2003,Rob Marshall,"Renée Zellweger, Catherine Zeta-Jones, Richard Gere","English, Hungarian","United States, Germany",Won 6 Oscars. 59 wins & 129 nominations total,81,"$170,687,518"
tt0299658,taylor,7,2025-02-16 12:14:01+00:00,Chicago,https://www.imdb.com/title/tt0299658/,movie,7.2,113,2002,"Comedy, Crime, Musical","251,491",24 Jan 2003,Rob Marshall,"Renée Zellweger, Catherine Zeta-Jones, Richard Gere","English, Hungarian","United States, Germany",Won 6 Oscars. 59 wins & 129 nominations total,81,"$170,687,518"
tt16426418,nowell,7,2024-08-09 05:37:33+00:00,Challengers,https://www.imdb.com/title/tt16426418/,movie,7.0,131,2024,"Comedy, Drama, Romance","160,875",26 Apr 2024,Luca Guadagnino,"Mike Faist, Josh O'Connor, Zendaya","English, Romanian","Italy, United States",74 wins & 151 nominations total,82,"$50,119,408"
tt5697572,nowell,2,2024-08-09 05:37:28+00:00,Cats,https://www.imdb.com/title/tt5697572/,movie,2.8,110,2019,"Comedy, Drama, Family","57,855",20 Dec 2019,Tom Hooper,"James Corden, Judi Dench, Jason Derulo",English,"United Kingdom, United States, Canada, Australia, Japan, China",11 wins & 8 nominations total,32,"$27,166,770"
tt0264464,nowell,8,2024-08-09 05:37:19+00:00,Catch Me If You Can,https://www.imdb.com/title/tt0264464/,movie,8.1,141,2002,"Biography, Crime, Drama","1,192,034",25 Dec 2002,Steven Spielberg,"Leonardo DiCaprio, Tom Hanks, Christopher Walken","English, French","United States, Canada",Nominated for 2 Oscars. 16 wins & 46 nominations total,75,"$164,615,351"
tt1217209,nowell,5,2024-08-09 05:37:07+00:00,Brave,https://www.imdb.com/title/tt1217209/,movie,7.1,93,2012,"Animation, Action, Adventure","469,072",22 Jun 2012,"Mark Andrews, Brenda Chapman, Steve Purcell","Kelly Macdonald, Billy Connolly, Emma Thompson",English,"United States, Japan, United Kingdom",Won 1 Oscar. 20 wins & 48 nominations total,69,"$237,283,207"
tt17527468,nowell,6,2024-08-09 05:37:02+00:00,Bottoms,https://www.imdb.com/title/tt17527468/,movie,6.7,91,2023,Comedy,"54,037",14 Feb 2024,Emma Seligman,"Rachel Sennott, Ayo Edebiri, Ruby Cruz",English,United States,5 wins & 24 nominations total,74,"$12,036,071"
tt0115736,nowell,7,2024-08-09 05:36:57+00:00,Bound,https://www.imdb.com/title/tt0115736/,movie,7.3,109,1996,"Crime, Thriller","65,463",04 Oct 1996,"Lana Wachowski, Lilly Wachowski","Jennifer Tilly, Gina Gershon, Joe Pantoliano","English, Italian",United States,8 wins & 13 nominations total,64,"$3,802,260"
tt1517268,nowell,6,2024-08-09 05:35:52+00:00,Barbie,https://www.imdb.com/title/tt1517268/,movie,6.8,114,2023,"Adventure, Comedy, Fantasy","626,950",21 Jul 2023,Greta Gerwig,"Margot Robbie, Ryan Gosling, Issa Rae","English, Spanish","United States, United Kingdom",Won 1 Oscar. 211 wins & 435 nominations total,80,"$636,238,421"
tt0112442,nowell,2,2024-08-09 05:35:46+00:00,Bad Boys,https://www.imdb.com/title/tt0112442/,movie,6.8,119,1995,"Action, Comedy, Crime","309,450",07 Apr 1995,Michael Bay,"Will Smith, Martin Lawrence, Lisa Boyle","English, Persian",United States,1 win & 3 nominations total,41,"$65,807,024"
tt0172156,nowell,2,2024-08-09 05:35:41+00:00,Bad Boys II,https://www.imdb.com/title/tt0172156/,movie,6.6,147,2003,"Action, Comedy, Crime","283,970",18 Jul 2003,Michael Bay,"Will Smith, Martin Lawrence, Gabrielle Union","English, Spanish, Russian",United States,5 wins & 13 nominations total,38,"$138,608,444"
tt0088763,nowell,5,2024-08-09 05:35:33+00:00,Back to the Future,https://www.imdb.com/title/tt0088763/,movie,8.5,116,1985,"Adventure, Comedy, Sci-Fi","1,403,603",03 Jul 1985,Robert Zemeckis,"Michael J. Fox, Christopher Lloyd, Lea Thompson",English,United States,Won 1 Oscar. 27 wins & 25 nominations total,87,"$214,553,307"
tt0848228,nowell,8,2024-08-09 05:35:25+00:00,The Avengers,https://www.imdb.com/title/tt0848228/,movie,8.0,143,2012,"Action, Sci-Fi","1,528,141",04 May 2012,Joss Whedon,"Robert Downey Jr., Chris Evans, Scarlett Johansson","English, Russian",United States,Nominated for 1 Oscar. 39 wins & 81 nominations total,69,"$623,357,910"
tt2798920,nowell,7,2024-08-09 05:34:40+00:00,Annihilation,https://www.imdb.com/title/tt2798920/,movie,6.8,115,2018,"Adventure, Drama, Horror","385,472",23 Feb 2018,Alex Garland,"Natalie Portman, Jennifer Jason Leigh, Tessa Thompson",English,"United States, United Kingdom",17 wins & 63 nominations total,79,"$32,732,301"
tt0053604,nowell,9,2024-08-09 05:34:31+00:00,The Apartment,https://www.imdb.com/title/tt0053604/,movie,8.3,125,1960,"Comedy, Drama, Romance","212,475",29 Jun 1960,Billy Wilder,"Jack Lemmon, Shirley MacLaine, Fred MacMurray",English,United States,Won 5 Oscars. 25 wins & 8 nominations total,94,"$18,600,000"
tt0053604,taylor,8,2024-12-30 14:02:45+00:00,The Apartment,https://www.imdb.com/title/tt0053604/,movie,8.3,125,1960,"Comedy, Drama, Romance","212,475",29 Jun 1960,Billy Wilder,"Jack Lemmon, Shirley MacLaine, Fred MacMurray",English,United States,Won 5 Oscars. 25 wins & 8 nominations total,94,"$18,600,000"
tt8106534,nowell,2,2024-08-09 05:33:58+00:00,6 Underground,https://www.imdb.com/title/tt8106534/,movie,6.1,128,2019,"Action, Thriller","207,096",13 Dec 2019,Michael Bay,"Ryan Reynolds, Mélanie Laurent, Manuel Garcia-Rulfo","English, Turkmen, Cantonese, Italian, Spanish, Ukrainian, French","United States, Singapore, Canada, China, Thailand, Germany, United Arab Emirates, Italy, Switzerland, Hungary, France, United Kingdom, Austria",1 win & 10 nominations total,41,N/A
tt8688634,nowell,6,2024-08-09 05:33:53+00:00,21 Bridges,https://www.imdb.com/title/tt8688634/,movie,6.7,99,2019,"Action, Adventure, Crime","78,966",22 Nov 2019,Brian Kirk,"Chadwick Boseman, Sienna Miller, J.K. Simmons",English,"United States, China",2 nominations total,51,"$28,539,757"
tt1272878,nowell,5,2024-08-09 05:33:48+00:00,2 Guns,https://www.imdb.com/title/tt1272878/,movie,6.7,109,2013,"Action, Comedy, Crime","233,003",02 Aug 2013,Baltasar Kormákur,"Denzel Washington, Mark Wahlberg, Paula Patton","English, Spanish",United States,3 wins total,55,"$75,612,460"
tt1160368,nowell,2,2024-08-09 05:33:43+00:00,12 Rounds,https://www.imdb.com/title/tt1160368/,movie,5.6,108,2009,"Action, Crime, Thriller","30,927",27 Mar 2009,Renny Harlin,"John Cena, Ashley Scott, Aidan Gillen",English,United States,N/A,38,"$12,234,694"
tt0050083,nowell,8,2024-08-09 05:33:36+00:00,12 Angry Men,https://www.imdb.com/title/tt0050083/,movie,9.0,96,1957,"Crime, Drama","948,224",10 Apr 1957,Sidney Lumet,"Henry Fonda, Lee J. Cobb, Martin Balsam",English,United States,Nominated for 3 Oscars. 16 wins & 12 nominations total,97,N/A
tt6751668,nowell,9,2024-08-09 04:49:03+00:00,Parasite,https://www.imdb.com/title/tt6751668/,movie,8.5,132,2019,"Drama, Thriller","1,100,523",08 Nov 2019,Bong Joon Ho,"Song Kang-ho, Lee Sun-kyun, Cho Yeo-jeong","Korean, English",South Korea,Won 4 Oscars. 309 wins & 260 nominations total,97,"$53,847,897"
tt6751668,taylor,8,2021-08-02 00:00:00+00:00,Parasite,https://www.imdb.com/title/tt6751668/,movie,8.5,132,2019,"Drama, Thriller","1,100,523",08 Nov 2019,Bong Joon Ho,"Song Kang-ho, Lee Sun-kyun, Cho Yeo-jeong","Korean, English",South Korea,Won 4 Oscars. 309 wins & 260 nominations total,97,"$53,847,897"
tt0482571,nowell,10,2024-08-09 04:48:51+00:00,The Prestige,https://www.imdb.com/title/tt0482571/,movie,8.5,130,2006,"Drama, Mystery, Sci-Fi","1,538,383",20 Oct 2006,Christopher Nolan,"Christian Bale, Hugh Jackman, Scarlett Johansson",English,"United Kingdom, United States",Nominated for 2 Oscars. 6 wins & 44 nominations total,66,"$53,089,891"
tt0482571,taylor,9,2021-12-23 00:00:00+00:00,The Prestige,https://www.imdb.com/title/tt0482571/,movie,8.5,130,2006,"Drama, Mystery, Sci-Fi","1,538,383",20 Oct 2006,Christopher Nolan,"Christian Bale, Hugh Jackman, Scarlett Johansson",English,"United Kingdom, United States",Nominated for 2 Oscars. 6 wins & 44 nominations total,66,"$53,089,891"
tt0468569,nowell,10,2024-08-09 04:48:41+00:00,The Dark Knight,https://www.imdb.com/title/tt0468569/,movie,9.1,152,2008,"Action, Crime, Drama","3,074,817",18 Jul 2008,Christopher Nolan,"Christian Bale, Heath Ledger, Aaron Eckhart","English, Mandarin","United States, United Kingdom",Won 2 Oscars. 163 wins & 165 nominations total,85,"$534,987,076"
tt0468569,taylor,9,2021-08-02 00:00:00+00:00,The Dark Knight,https://www.imdb.com/title/tt0468569/,movie,9.1,152,2008,"Action, Crime, Drama","3,074,817",18 Jul 2008,Christopher Nolan,"Christian Bale, Heath Ledger, Aaron Eckhart","English, Mandarin","United States, United Kingdom",Won 2 Oscars. 163 wins & 165 nominations total,85,"$534,987,076"
tt2543164,nowell,7,2024-08-09 04:47:32+00:00,Arrival,https://www.imdb.com/title/tt2543164/,movie,7.9,116,2016,"Drama, Mystery, Sci-Fi","836,259",11 Nov 2016,Denis Villeneuve,"Amy Adams, Jeremy Renner, Forest Whitaker","English, Mandarin, Russian","Canada, United States",Won 1 Oscar. 71 wins & 268 nominations total,81,"$100,546,139"
tt2543164,taylor,7,2024-04-01 00:00:00+00:00,Arrival,https://www.imdb.com/title/tt2543164/,movie,7.9,116,2016,"Drama, Mystery, Sci-Fi","836,259",11 Nov 2016,Denis Villeneuve,"Amy Adams, Jeremy Renner, Forest Whitaker","English, Mandarin, Russian","Canada, United States",Won 1 Oscar. 71 wins & 268 nominations total,81,"$100,546,139"
tt1843866,nowell,7,2024-08-09 04:47:12+00:00,Captain America: The Winter Soldier,https://www.imdb.com/title/tt1843866/,movie,7.7,136,2014,"Action, Adventure, Sci-Fi","951,315",04 Apr 2014,"Anthony Russo, Joe Russo","Chris Evans, Samuel L. Jackson, Scarlett Johansson","English, French",United States,Nominated for 1 Oscar. 5 wins & 52 nominations total,70,"$259,766,572"
tt1392190,nowell,10,2024-08-09 04:46:27+00:00,Mad Max: Fury Road,https://www.imdb.com/title/tt1392190/,movie,8.1,120,2015,"Action, Adventure, Sci-Fi","1,183,848",15 May 2015,George Miller,"Tom Hardy, Charlize Theron, Nicholas Hoult","English, Russian","Australia, United States",Won 6 Oscars. 245 wins & 234 nominations total,90,"$154,280,290"
tt12037194,nowell,9,2024-08-08 00:31:35+00:00,Furiosa: A Mad Max Saga,https://www.imdb.com/title/tt12037194/,movie,7.5,148,2024,"Action, Adventure, Sci-Fi","303,298",24 May 2024,George Miller,"Anya Taylor-Joy, Chris Hemsworth, Tom Burke","English, Romanian, Italian","Australia, United States",28 wins & 127 nominations total,79,"$67,475,791"
tt0947798,nowell,6,2024-08-07 23:17:56+00:00,Black Swan,https://www.imdb.com/title/tt0947798/,movie,8.0,108,2010,"Drama, Thriller","871,476",17 Dec 2010,Darren Aronofsky,"Natalie Portman, Mila Kunis, Vincent Cassel","English, French, Italian",United States,Won 1 Oscar. 98 wins & 279 nominations total,79,"$107,770,258"
tt0290334,nowell,6,2024-08-07 23:17:41+00:00,X2: X-Men United,https://www.imdb.com/title/tt0290334/,movie,7.4,134,2003,"Action, Sci-Fi, Thriller","600,819",02 May 2003,Bryan Singer,"Patrick Stewart, Hugh Jackman, Halle Berry","English, German, Italian, Spanish","Canada, United States",6 wins & 41 nominations total,68,"$214,949,694"
tt6710474,nowell,9,2024-08-06 04:11:21+00:00,Everything Everywhere All at Once,https://www.imdb.com/title/tt6710474/,movie,7.8,139,2022,"Action, Adventure, Comedy","593,726",08 Apr 2022,"Daniel Kwan, Daniel Scheinert","Michelle Yeoh, Stephanie Hsu, Jamie Lee Curtis","English, Mandarin, Cantonese",United States,Won 7 Oscars. 397 wins & 379 nominations total,81,"$77,191,785"
tt6710474,taylor,8,2022-07-16 00:00:00+00:00,Everything Everywhere All at Once,https://www.imdb.com/title/tt6710474/,movie,7.8,139,2022,"Action, Adventure, Comedy","593,726",08 Apr 2022,"Daniel Kwan, Daniel Scheinert","Michelle Yeoh, Stephanie Hsu, Jamie Lee Curtis","English, Mandarin, Cantonese",United States,Won 7 Oscars. 397 wins & 379 nominations total,81,"$77,191,785"
tt23736044,nowell,6,2024-08-06 04:03:27+00:00,Monster,https://www.imdb.com/title/tt23736044/,movie,7.8,127,2023,"Drama, Thriller","37,671",22 Nov 2023,Hirokazu Koreeda,"Sakura Andô, Eita Nagayama, Soya Kurokawa","Japanese, English",Japan,10 wins & 40 nominations total,79,"$434,585"
tt0120382,nowell,8,2024-08-03 14:14:23+00:00,The Truman Show,https://www.imdb.com/title/tt0120382/,movie,8.2,103,1998,"Comedy, Drama","1,320,152",05 Jun 1998,Peter Weir,"Jim Carrey, Ed Harris, Laura Linney",English,United States,Nominated for 3 Oscars. 41 wins & 69 nominations total,90,"$125,618,201"
tt0120382,taylor,8,2021-04-09 00:00:00+00:00,The Truman Show,https://www.imdb.com/title/tt0120382/,movie,8.2,103,1998,"Comedy, Drama","1,320,152",05 Jun 1998,Peter Weir,"Jim Carrey, Ed Harris, Laura Linney",English,United States,Nominated for 3 Oscars. 41 wins & 69 nominations total,90,"$125,618,201"
tt0209144,nowell,8,2024-08-03 14:13:57+00:00,Memento,https://www.imdb.com/title/tt0209144/,movie,8.4,113,2000,"Drama, Mystery, Thriller","1,397,080",25 May 2001,Christopher Nolan,"Guy Pearce, Carrie-Anne Moss, Joe Pantoliano",English,United States,Nominated for 2 Oscars. 57 wins & 59 nominations total,83,"$25,544,867"
tt0209144,taylor,8,2024-11-18 15:41:38+00:00,Memento,https://www.imdb.com/title/tt0209144/,movie,8.4,113,2000,"Drama, Mystery, Thriller","1,397,080",25 May 2001,Christopher Nolan,"Guy Pearce, Carrie-Anne Moss, Joe Pantoliano",English,United States,Nominated for 2 Oscars. 57 wins & 59 nominations total,83,"$25,544,867"
tt1049413,nowell,7,2024-08-03 14:13:39+00:00,Up,https://www.imdb.com/title/tt1049413/,movie,8.3,96,2009,"Animation, Adventure, Comedy","1,204,006",29 May 2009,"Pete Docter, Bob Peterson","Edward Asner, Jordan Nagai, John Ratzenberger",English,United States,Won 2 Oscars. 81 wins & 88 nominations total,88,"$293,004,164"
tt0372784,nowell,8,2024-07-29 19:22:37+00:00,Batman Begins,https://www.imdb.com/title/tt0372784/,movie,8.2,140,2005,"Action, Crime, Drama","1,673,263",15 Jun 2005,Christopher Nolan,"Christian Bale, Michael Caine, Ken Watanabe","English, Mandarin","United States, United Kingdom",Nominated for 1 Oscar. 15 wins & 79 nominations total,70,"$206,863,479"
tt9873892,nowell,6,2024-07-11 00:00:00+00:00,They Cloned Tyrone,https://www.imdb.com/title/tt9873892/,movie,6.6,122,2023,"Comedy, Mystery, Sci-Fi","45,979",21 Jul 2023,Juel Taylor,"John Boyega, Jamie Foxx, Teyonah Parris",English,United States,5 wins & 25 nominations total,74,N/A
tt3860916,nowell,6,2024-04-06 00:00:00+00:00,Cargo,https://www.imdb.com/title/tt3860916/,movie,6.3,105,2017,"Drama, Horror, Sci-Fi","50,569",18 May 2018,"Ben Howling, Yolanda Ramke","Simone Landers, Martin Freeman, Marlee Jane McPherson-Dobbins","English, Aboriginal","Australia, United States, United Arab Emirates, United Kingdom",1 win & 17 nominations total,65,N/A
tt1981677,nowell,5,2024-03-21 00:00:00+00:00,Pitch Perfect,https://www.imdb.com/title/tt1981677/,movie,7.1,112,2012,"Comedy, Music, Romance","344,775",05 Oct 2012,Jason Moore,"Anna Kendrick, Brittany Snow, Rebel Wilson","English, Ukrainian",United States,9 wins & 20 nominations total,66,"$65,298,093"
tt1981677,taylor,6,2021-08-06 00:00:00+00:00,Pitch Perfect,https://www.imdb.com/title/tt1981677/,movie,7.1,112,2012,"Comedy, Music, Romance","344,775",05 Oct 2012,Jason Moore,"Anna Kendrick, Brittany Snow, Rebel Wilson","English, Ukrainian",United States,9 wins & 20 nominations total,66,"$65,298,093"
tt5971474,nowell,5,2024-03-21 00:00:00+00:00,The Little Mermaid,https://www.imdb.com/title/tt5971474/,movie,7.2,135,2023,"Adventure, Family, Fantasy","175,157",26 May 2023,Rob Marshall,"Halle Bailey, Jonah Hauer-King, Melissa McCarthy",English,United States,3 wins & 31 nominations total,59,"$298,172,056"
tt0103639,nowell,6,2024-01-26 00:00:00+00:00,Aladdin,https://www.imdb.com/title/tt0103639/,movie,8.0,90,1992,"Animation, Adventure, Comedy","490,592",25 Nov 1992,"Ron Clements, John Musker","Scott Weinger, Robin Williams, Linda Larkin",English,United States,Won 2 Oscars. 35 wins & 22 nominations total,86,"$217,350,219"
tt6166392,nowell,6,2024-01-05 00:00:00+00:00,Wonka,https://www.imdb.com/title/tt6166392/,movie,6.9,116,2023,"Adventure, Comedy, Family","181,228",15 Dec 2023,Paul King,"Timothée Chalamet, Gustave Die, Murray McArthur","English, Latin, French","United States, United Kingdom, Canada",Nominated for 1 BAFTA Award6 wins & 45 nominations total,66,"$218,402,312"
tt0327597,nowell,6,2023-12-25 00:00:00+00:00,Coraline,https://www.imdb.com/title/tt0327597/,movie,7.8,100,2009,"Animation, Drama, Family","289,299",06 Feb 2009,Henry Selick,"Dakota Fanning, Teri Hatcher, John Hodgman","English, Russian",United States,Nominated for 1 Oscar. 8 wins & 46 nominations total,80,"$116,896,576"
tt0327597,taylor,6,2024-08-21 14:15:27+00:00,Coraline,https://www.imdb.com/title/tt0327597/,movie,7.8,100,2009,"Animation, Drama, Family","289,299",06 Feb 2009,Henry Selick,"Dakota Fanning, Teri Hatcher, John Hodgman","English, Russian",United States,Nominated for 1 Oscar. 8 wins & 46 nominations total,80,"$116,896,576"
tt7668870,nowell,7,2023-12-25 00:00:00+00:00,Searching,https://www.imdb.com/title/tt7668870/,movie,7.6,102,2018,"Drama, Mystery, Thriller","188,993",31 Aug 2018,Aneesh Chaganty,"John Cho, Debra Messing, Joseph Lee",English,"United States, Russia",6 wins & 10 nominations total,71,"$26,020,957"
tt10696784,nowell,5,2023-12-25 00:00:00+00:00,The Harder They Fall,https://www.imdb.com/title/tt10696784/,movie,6.6,139,2021,"Action, Drama, Western","75,400",03 Nov 2021,Jeymes Samuel,"Jonathan Majors, Zazie Beetz, RJ Cyler",English,United States,Won 1 BAFTA Award30 wins & 86 nominations total,68,N/A
tt19500164,nowell,8,2023-12-08 00:00:00+00:00,Nimona,https://www.imdb.com/title/tt19500164/,movie,7.5,101,2023,"Animation, Action, Adventure","55,377",30 Jun 2023,"Nick Bruno, Troy Quane","Chloë Grace Moretz, Riz Ahmed, Eugene Lee Yang",English,"United States, United Kingdom, France",Nominated for 1 Oscar. 3 wins & 43 nominations total,75,N/A
tt3521164,nowell,6,2023-12-05 00:00:00+00:00,Moana,https://www.imdb.com/title/tt3521164/,movie,7.6,107,2016,"Animation, Adventure, Comedy","425,722",23 Nov 2016,"Ron Clements, John Musker, Don Hall","Auli'i Cravalho, Dwayne Johnson, Rachel House","English, French",United States,Nominated for 2 Oscars. 22 wins & 90 nominations total,81,"$248,757,044"
tt3521164,taylor,6,2023-05-20 00:00:00+00:00,Moana,https://www.imdb.com/title/tt3521164/,movie,7.6,107,2016,"Animation, Adventure, Comedy","425,722",23 Nov 2016,"Ron Clements, John Musker, Don Hall","Auli'i Cravalho, Dwayne Johnson, Rachel House","English, French",United States,Nominated for 2 Oscars. 22 wins & 90 nominations total,81,"$248,757,044"
tt22687790,nowell,5,2023-10-04 00:00:00+00:00,A Haunting in Venice,https://www.imdb.com/title/tt22687790/,movie,6.5,103,2023,"Crime, Drama, Horror","134,149",15 Sep 2023,Kenneth Branagh,"Kenneth Branagh, Michelle Yeoh, Jamie Dornan","English, Italian, French, Latin","United Kingdom, Italy, United States",6 wins & 4 nominations total,63,"$42,471,412"
tt9603212,nowell,5,2023-09-03 00:00:00+00:00,Mission: Impossible - Dead Reckoning Part One,https://www.imdb.com/title/tt9603212/,movie,7.6,163,2023,"Action, Adventure, Thriller","313,421",12 Jul 2023,Christopher McQuarrie,"Tom Cruise, Hayley Atwell, Ving Rhames","English, Italian, Russian, French",United States,Nominated for 2 Oscars. 18 wins & 68 nominations total,81,"$172,640,980"
tt0113277,nowell,5,2023-08-24 00:00:00+00:00,Heat,https://www.imdb.com/title/tt0113277/,movie,8.3,170,1995,"Action, Crime, Drama","773,511",15 Dec 1995,Michael Mann,"Al Pacino, Robert De Niro, Val Kilmer","English, Spanish",United States,15 nominations total,76,"$67,436,818"
tt11703244,nowell,6,2023-08-03 00:00:00+00:00,The Blackening,https://www.imdb.com/title/tt11703244/,movie,6.0,97,2022,"Comedy, Horror, Mystery","24,247",16 Jun 2023,Tim Story,"Grace Byers, Jermaine Fowler, Melvin Gregg",English,United States,1 win & 8 nominations total,67,"$17,707,207"
tt9764362,nowell,8,2023-06-24 00:00:00+00:00,The Menu,https://www.imdb.com/title/tt9764362/,movie,7.2,107,2022,"Comedy, Horror, Thriller","472,631",18 Nov 2022,Mark Mylod,"Ralph Fiennes, Anya Taylor-Joy, Nicholas Hoult","English, Spanish",United States,2 wins & 66 nominations total,71,"$38,501,125"
tt0203009,nowell,5,2023-06-11 00:00:00+00:00,Moulin Rouge!,https://www.imdb.com/title/tt0203009/,movie,7.6,127,2001,"Drama, Musical, Romance","309,051",01 Jun 2001,Baz Luhrmann,"Nicole Kidman, Ewan McGregor, John Leguizamo","English, French, Spanish","Australia, United States",Won 2 Oscars. 89 wins & 133 nominations total,66,"$57,386,607"
tt8228288,nowell,6,2023-06-11 00:00:00+00:00,The Platform,https://www.imdb.com/title/tt8228288/,movie,7.0,94,2019,"Horror, Mystery, Sci-Fi","312,856",20 Mar 2020,Galder Gaztelu-Urrutia,"Ivan Massagué, Zorion Eguileor, Antonia San Juan","Spanish, Italian, Russian",Spain,12 wins & 24 nominations total,73,N/A
tt11024272,nowell,2,2023-06-11 00:00:00+00:00,The Babysitter: Killer Queen,https://www.imdb.com/title/tt11024272/,movie,5.8,101,2020,"Comedy, Horror","55,450",10 Sep 2020,McG,"Judah Lewis, Samara Weaving, Jenna Ortega",English,United States,2 nominations.,22,N/A
tt15893750,nowell,7,2023-06-11 00:00:00+00:00,Rye Lane,https://www.imdb.com/title/tt15893750/,movie,7.2,82,2023,"Comedy, Drama, Romance","14,989",31 Mar 2023,Raine Allen-Miller,"David Jonsson, Vivian Oparah, Poppy Allen-Quarmby",English,United Kingdom,Nominated for 2 BAFTA 6 wins & 36 nominations total,82,N/A
tt5433140,nowell,7,2023-06-07 00:00:00+00:00,Fast X,https://www.imdb.com/title/tt5433140/,movie,5.7,141,2023,"Action, Adventure, Crime","140,294",19 May 2023,Louis Leterrier,"Vin Diesel, Michelle Rodriguez, Jason Statham","English, Spanish, French, Arabic, Portuguese, Italian","United States, China, Japan, Spain, United Kingdom, Iceland",2 wins & 19 nominations total,56,"$146,126,015"
tt6791350,nowell,7,2023-05-28 00:00:00+00:00,Guardians of the Galaxy Vol. 3,https://www.imdb.com/title/tt6791350/,movie,7.9,150,2023,"Action, Adventure, Comedy","442,838",05 May 2023,James Gunn,"Chris Pratt, Chukwudi Iwuji, Bradley Cooper","English, Russian","United States, New Zealand, France, Canada",Nominated for 1 Oscar. 11 wins & 90 nominations total,64,"$358,995,815"
tt1259521,nowell,7,2023-04-30 00:00:00+00:00,The Cabin in the Woods,https://www.imdb.com/title/tt1259521/,movie,7.0,95,2011,"Horror, Mystery, Thriller","479,994",13 Apr 2012,Drew Goddard,"Kristen Connolly, Chris Hemsworth, Anna Hutchison","English, Japanese","Canada, United States",20 wins & 34 nominations total,72,"$42,073,277"
tt7888964,nowell,7,2023-04-15 00:00:00+00:00,Nobody,https://www.imdb.com/title/tt7888964/,movie,7.4,92,2021,"Action, Crime, Drama","375,522",26 Mar 2021,Ilya Naishuller,"Bob Odenkirk, Aleksey Serebryakov, Connie Nielsen","English, Russian, Spanish","United States, China, Japan",5 wins & 18 nominations total,64,"$27,568,035"
tt2295722,nowell,6,2023-02-27 00:00:00+00:00,Falcon Rising,https://www.imdb.com/title/tt2295722/,movie,5.8,103,2014,"Action, Adventure","9,691",04 Sep 2014,Ernie Barbarash,"Michael Jai White, Neal McDonough, Jimmy Navarro","Portuguese, Japanese, English",United States,N/A,49,"$11,774"
tt3447590,nowell,6,2023-01-12 00:00:00+00:00,Matilda: The Musical,https://www.imdb.com/title/tt3447590/,movie,7.0,117,2022,"Comedy, Drama, Family","31,763",25 Dec 2022,Matthew Warchus,"Alisha Weir, Emma Thompson, Lashana Lynch",English,"United Kingdom, Australia, United States, Canada",Nominated for 2 BAFTA 5 wins & 10 nominations total,72,N/A
tt9114286,nowell,6,2022-11-23 00:00:00+00:00,Black Panther: Wakanda Forever,https://www.imdb.com/title/tt9114286/,movie,6.6,161,2022,"Action, Adventure, Drama","341,017",11 Nov 2022,Ryan Coogler,"Letitia Wright, Lupita Nyong'o, Danai Gurira","English, Xhosa, Maya, Spanish, Haitian, French",United States,Won 1 Oscar. 50 wins & 171 nominations total,67,"$453,829,060"
tt0120804,nowell,3,2022-11-11 00:00:00+00:00,Resident Evil,https://www.imdb.com/title/tt0120804/,movie,6.6,100,2002,"Action, Horror, Sci-Fi","303,743",15 Mar 2002,Paul W.S. Anderson,"Milla Jovovich, Michelle Rodriguez, Ryan McCluskey",English,"Germany, United Kingdom, France, Japan, United States",7 nominations total,35,"$40,119,709"
tt15318872,nowell,5,2022-10-23 00:00:00+00:00,Werewolf by Night,https://www.imdb.com/title/tt15318872/,movie,7.1,52,2022,"Action, Adventure, Drama","75,324",07 Oct 2022,Michael Giacchino,"Gael García Bernal, Laura Donnelly, Harriet Sansom Harris",English,United States,1 win & 5 nominations total,N/A,N/A
tt10954984,nowell,6,2022-09-03 00:00:00+00:00,Nope,https://www.imdb.com/title/tt10954984/,movie,6.8,130,2022,"Horror, Mystery, Sci-Fi","306,360",22 Jul 2022,Jordan Peele,"Daniel Kaluuya, Keke Palmer, Brandon Perea","English, Spanish","Canada, Japan, United States",42 wins & 179 nominations total,77,"$123,277,080"
tt1596363,nowell,7,2022-08-07 00:00:00+00:00,The Big Short,https://www.imdb.com/title/tt1596363/,movie,7.8,130,2015,"Biography, Comedy, Drama","521,325",23 Dec 2015,Adam McKay,"Christian Bale, Steve Carell, Ryan Gosling",English,United States,Won 1 Oscar. 37 wins & 81 nominations total,81,"$70,259,870"
tt1109624,nowell,5,2022-06-28 00:00:00+00:00,Paddington,https://www.imdb.com/title/tt1109624/,movie,7.3,95,2014,"Adventure, Comedy, Family","150,160",16 Jan 2015,Paul King,"Hugh Bonneville, Sally Hawkins, Julie Walters","English, Mandarin, Spanish","United Kingdom, France, Costa Rica",Nominated for 2 BAFTA 3 wins & 7 nominations total,77,"$76,271,832"
tt11291274,nowell,7,2022-06-22 00:00:00+00:00,The Unbearable Weight of Massive Talent,https://www.imdb.com/title/tt11291274/,movie,7.0,107,2022,"Action, Comedy, Crime","173,107",22 Apr 2022,Tom Gormican,"Nicolas Cage, Pedro Pascal, Tiffany Haddish","English, Spanish","Croatia, United States, Hungary",3 wins & 23 nominations total,68,"$20,300,157"
tt9419884,nowell,6,2022-05-07 00:00:00+00:00,Doctor Strange in the Multiverse of Madness,https://www.imdb.com/title/tt9419884/,movie,6.9,126,2022,"Action, Adventure, Fantasy","526,980",06 May 2022,Sam Raimi,"Benedict Cumberbatch, Elizabeth Olsen, Chiwetel Ejiofor","English, Spanish, Chinese",United States,10 wins & 28 nominations total,60,"$411,331,607"
tt9419884,taylor,6,2022-11-26 00:00:00+00:00,Doctor Strange in the Multiverse of Madness,https://www.imdb.com/title/tt9419884/,movie,6.9,126,2022,"Action, Adventure, Fantasy","526,980",06 May 2022,Sam Raimi,"Benedict Cumberbatch, Elizabeth Olsen, Chiwetel Ejiofor","English, Spanish, Chinese",United States,10 wins & 28 nominations total,60,"$411,331,607"
tt0138749,nowell,4,2022-05-02 00:00:00+00:00,The Road to El Dorado,https://www.imdb.com/title/tt0138749/,movie,6.9,89,2000,"Animation, Adventure, Comedy","116,449",31 Mar 2000,"Bibo Bergeron, Don Paul, Jeffrey Katzenberg","Kevin Kline, Kenneth Branagh, Rosie Perez",English,"United States, Canada, France",1 win & 12 nominations total,51,"$50,863,742"
tt3402236,nowell,4,2022-04-19 00:00:00+00:00,Murder on the Orient Express,https://www.imdb.com/title/tt3402236/,movie,6.5,114,2017,"Comedy, Crime, Drama","313,717",10 Nov 2017,Kenneth Branagh,"Kenneth Branagh, Penélope Cruz, Willem Dafoe","English, French, Turkish, German, Arabic","United States, United Kingdom, Malta",2 wins & 31 nominations total,52,"$102,826,543"
tt12412888,nowell,6,2022-04-19 00:00:00+00:00,Sonic the Hedgehog 2,https://www.imdb.com/title/tt12412888/,movie,6.5,122,2022,"Action, Adventure, Comedy","111,355",08 Apr 2022,Jeff Fowler,"James Marsden, Jim Carrey, Ben Schwartz","English, Russian, French, Latin, Hawaiian, Greek","United States, Japan, United Kingdom",2 wins & 3 nominations total,47,"$190,872,904"
tt12412888,taylor,6,2022-07-03 00:00:00+00:00,Sonic the Hedgehog 2,https://www.imdb.com/title/tt12412888/,movie,6.5,122,2022,"Action, Adventure, Comedy","111,355",08 Apr 2022,Jeff Fowler,"James Marsden, Jim Carrey, Ben Schwartz","English, Russian, French, Latin, Hawaiian, Greek","United States, Japan, United Kingdom",2 wins & 3 nominations total,47,"$190,872,904"
tt14331144,nowell,8,2022-03-28 00:00:00+00:00,Jujutsu Kaisen 0,https://www.imdb.com/title/tt14331144/,movie,7.8,112,2021,"Animation, Action, Fantasy","53,401",18 Mar 2022,Sunghoo Park,"Megumi Ogata, Kana Hanazawa, Yûichi Nakamura",Japanese,Japan,1 win & 2 nominations total,71,"$34,542,754"
tt14331144,taylor,7,2023-01-01 00:00:00+00:00,Jujutsu Kaisen 0,https://www.imdb.com/title/tt14331144/,movie,7.8,112,2021,"Animation, Action, Fantasy","53,401",18 Mar 2022,Sunghoo Park,"Megumi Ogata, Kana Hanazawa, Yûichi Nakamura",Japanese,Japan,1 win & 2 nominations total,71,"$34,542,754"
tt7657566,nowell,6,2022-03-03 00:00:00+00:00,Death on the Nile,https://www.imdb.com/title/tt7657566/,movie,6.3,127,2022,"Crime, Drama, Mystery","204,033",11 Feb 2022,Kenneth Branagh,"Tom Bateman, Annette Bening, Kenneth Branagh","English, French, German",United States,1 win & 8 nominations total,52,"$45,630,104"
tt2953050,nowell,4,2022-01-31 00:00:00+00:00,Encanto,https://www.imdb.com/title/tt2953050/,movie,7.2,102,2021,"Animation, Comedy, Family","286,569",24 Nov 2021,"Jared Bush, Byron Howard, Charise Castro Smith","Stephanie Beatriz, María Cecilia Botero, John Leguizamo","English, Spanish",United States,Won 1 Oscar. 58 wins & 86 nominations total,75,"$96,093,622"
tt15777864,nowell,7,2022-01-30 00:00:00+00:00,Hilda and the Mountain King,https://www.imdb.com/title/tt15777864/,movie,7.7,85,2021,"Animation, Adventure, Comedy","4,179",30 Dec 2021,Andy Coyle,"Bella Ramsey, Ameerah Falzon, Oliver Nelson",English,"United Kingdom, United States, Canada",2 wins & 5 nominations total,N/A,N/A
tt0107688,nowell,6,2022-01-08 00:00:00+00:00,The Nightmare Before Christmas,https://www.imdb.com/title/tt0107688/,movie,7.9,76,1993,"Animation, Family, Fantasy","398,227",29 Oct 1993,Henry Selick,"Danny Elfman, Chris Sarandon, Catherine O'Hara",English,United States,Nominated for 1 Oscar. 7 wins & 17 nominations total,82,"$93,745,329"
tt0105121,nowell,6,2022-01-08 00:00:00+00:00,The People Under the Stairs,https://www.imdb.com/title/tt0105121/,movie,6.4,102,1991,"Comedy, Horror, Mystery","42,266",01 Nov 1991,Wes Craven,"Brandon Quintin Adams, Everett McGill, Wendy Robie","English, Spanish",United States,2 wins & 8 nominations total,57,"$24,204,154"
tt0240772,nowell,7,2022-01-06 00:00:00+00:00,Ocean's Eleven,https://www.imdb.com/title/tt0240772/,movie,7.7,116,2001,"Crime, Thriller","658,059",07 Dec 2001,Steven Soderbergh,"George Clooney, Brad Pitt, Julia Roberts","English, Italian, Mandarin",United States,4 wins & 20 nominations total,74,"$183,417,150"
tt0107290,nowell,6,2021-12-26 00:00:00+00:00,Jurassic Park,https://www.imdb.com/title/tt0107290/,movie,8.2,127,1993,"Action, Adventure, Sci-Fi","1,144,780",11 Jun 1993,Steven Spielberg,"Sam Neill, Laura Dern, Jeff Goldblum","English, Spanish",United States,Won 3 Oscars. 44 wins & 27 nominations total,68,"$407,185,075"
tt6902676,nowell,5,2021-12-26 00:00:00+00:00,Guns Akimbo,https://www.imdb.com/title/tt6902676/,movie,6.3,98,2019,"Action, Comedy, Crime","74,906",28 Feb 2020,Jason Howden,"Daniel Radcliffe, Samara Weaving, Ned Dennehy","English, Spanish","Germany, New Zealand, United Kingdom, Australia, United States, Austria",N/A,42,N/A
tt9347730,nowell,5,2021-12-26 00:00:00+00:00,Candyman,https://www.imdb.com/title/tt9347730/,movie,5.9,91,2021,"Horror, Thriller","80,957",27 Aug 2021,Nia DaCosta,"Yahya Abdul-Mateen II, Teyonah Parris, Nathan Stewart-Jarrett","English, Ukrainian, French","Canada, Australia, United States",10 wins & 24 nominations total,72,"$61,186,570"
tt0477051,nowell,3,2021-12-23 00:00:00+00:00,Norbit,https://www.imdb.com/title/tt0477051/,movie,4.2,102,2007,"Comedy, Romance","82,924",09 Feb 2007,Brian Robbins,"Eddie Murphy, Thandiwe Newton, Terry Crews",English,United States,Nominated for 1 Oscar. 8 wins & 9 nominations total,27,"$95,673,607"
tt6320628,nowell,4,2021-12-23 00:00:00+00:00,Spider-Man: Far from Home,https://www.imdb.com/title/tt6320628/,movie,7.4,129,2019,"Action, Adventure, Comedy","613,322",02 Jul 2019,Jon Watts,"Tom Holland, Samuel L. Jackson, Jake Gyllenhaal","English, Italian, Czech","United States, Czech Republic, Australia, Canada, Italy",11 wins & 26 nominations total,69,"$391,283,774"
tt6320628,taylor,7,2021-06-08 00:00:00+00:00,Spider-Man: Far from Home,https://www.imdb.com/title/tt6320628/,movie,7.4,129,2019,"Action, Adventure, Comedy","613,322",02 Jul 2019,Jon Watts,"Tom Holland, Samuel L. Jackson, Jake Gyllenhaal","English, Italian, Czech","United States, Czech Republic, Australia, Canada, Italy",11 wins & 26 nominations total,69,"$391,283,774"
tt0780521,nowell,6,2021-12-08 00:00:00+00:00,The Princess and the Frog,https://www.imdb.com/title/tt0780521/,movie,7.2,97,2009,"Animation, Adventure, Comedy","180,621",11 Dec 2009,"Ron Clements, John Musker","Anika Noni Rose, Keith David, Oprah Winfrey","English, French","United States, Brazil, Canada",Nominated for 3 Oscars. 10 wins & 42 nominations total,73,"$104,400,899"
tt0208092,nowell,8,2021-12-04 00:00:00+00:00,Snatch,https://www.imdb.com/title/tt0208092/,movie,8.2,102,2000,"Comedy, Crime","959,032",19 Jan 2001,Guy Ritchie,"Jason Statham, Brad Pitt, Stephen Graham","English, Russian","United Kingdom, United States",4 wins & 7 nominations total,55,"$30,328,156"
tt4513678,nowell,6,2021-11-30 00:00:00+00:00,Ghostbusters: Afterlife,https://www.imdb.com/title/tt4513678/,movie,7.0,124,2021,"Adventure, Comedy, Fantasy","235,169",19 Nov 2021,Jason Reitman,"Carrie Coon, Paul Rudd, Finn Wolfhard",English,"United States, Canada",Nominated for 1 BAFTA Award1 win & 21 nominations total,45,"$129,471,867"
tt0432283,nowell,5,2021-11-25 00:00:00+00:00,Fantastic Mr. Fox,https://www.imdb.com/title/tt0432283/,movie,7.9,87,2009,"Animation, Adventure, Comedy","293,541",25 Nov 2009,Wes Anderson,"George Clooney, Meryl Streep, Bill Murray","English, French","United States, United Kingdom",Nominated for 2 Oscars. 32 wins & 63 nominations total,83,"$21,002,919"
tt0145487,nowell,5,2021-11-09 00:00:00+00:00,Spider-Man,https://www.imdb.com/title/tt0145487/,movie,7.4,121,2002,"Action, Adventure, Sci-Fi","936,636",03 May 2002,Sam Raimi,"Tobey Maguire, Kirsten Dunst, Willem Dafoe",English,United States,Nominated for 2 Oscars. 17 wins & 65 nominations total,73,"$407,774,549"
tt0316654,nowell,5,2021-11-09 00:00:00+00:00,Spider-Man 2,https://www.imdb.com/title/tt0316654/,movie,7.5,127,2004,"Action, Adventure, Sci-Fi","762,985",30 Jun 2004,Sam Raimi,"Tobey Maguire, Kirsten Dunst, Alfred Molina","English, Russian, Chinese",United States,Won 1 Oscar. 25 wins & 60 nominations total,83,"$375,087,840"
tt0113568,nowell,7,2021-11-09 00:00:00+00:00,Ghost in the Shell,https://www.imdb.com/title/tt0113568/,movie,7.9,83,1995,"Animation, Action, Crime","167,414",29 Mar 1996,Mamoru Oshii,"Atsuko Tanaka, Iemasa Kayumi, Akio Ôtsuka",Japanese,"Japan, United Kingdom",5 wins & 7 nominations total,76,"$889,074"
tt1131734,nowell,4,2021-11-01 00:00:00+00:00,Jennifer's Body,https://www.imdb.com/title/tt1131734/,movie,5.5,102,2009,"Comedy, Horror","164,646",18 Sep 2009,Karyn Kusama,"Megan Fox, Amanda Seyfried, Adam Brody","English, Spanish","United States, Canada",3 wins & 4 nominations total,47,"$16,204,793"
tt4160708,nowell,7,2021-10-22 00:00:00+00:00,Don't Breathe,https://www.imdb.com/title/tt4160708/,movie,7.1,88,2016,"Crime, Horror, Thriller","322,928",26 Aug 2016,Fede Alvarez,"Stephen Lang, Jane Levy, Dylan Minnette",English,"United States, Hungary",7 wins & 21 nominations total,71,"$89,217,875"
tt15523010,nowell,5,2021-10-19 00:00:00+00:00,Dave Chappelle: The Closer,https://www.imdb.com/title/tt15523010/,movie,7.9,72,2021,Comedy,"29,333",05 Oct 2021,Stan Lathan,"Dave Chappelle, Daphne Dorman",English,United States,Nominated for 2 Primetime Emmys. 6 nominations total,N/A,N/A
tt15523010,taylor,7,2024-02-01 00:00:00+00:00,Dave Chappelle: The Closer,https://www.imdb.com/title/tt15523010/,movie,7.9,72,2021,Comedy,"29,333",05 Oct 2021,Stan Lathan,"Dave Chappelle, Daphne Dorman",English,United States,Nominated for 2 Primetime Emmys. 6 nominations total,N/A,N/A
tt2294629,nowell,5,2021-10-18 00:00:00+00:00,Frozen,https://www.imdb.com/title/tt2294629/,movie,7.4,102,2013,"Animation, Adventure, Comedy","698,041",27 Nov 2013,"Chris Buck, Jennifer Lee","Kristen Bell, Idina Menzel, Jonathan Groff",English,United States,Won 2 Oscars. 83 wins & 60 nominations total,75,"$400,953,009"
tt0349903,nowell,4,2021-10-15 00:00:00+00:00,Ocean's Twelve,https://www.imdb.com/title/tt0349903/,movie,6.5,125,2004,"Crime, Thriller","431,808",10 Dec 2004,Steven Soderbergh,"George Clooney, Brad Pitt, Julia Roberts","English, Dutch, French, Italian, Mandarin",United States,4 wins & 10 nominations total,58,"$125,544,280"
tt0369339,nowell,5,2021-10-15 00:00:00+00:00,Collateral,https://www.imdb.com/title/tt0369339/,movie,7.5,120,2004,"Action, Crime, Drama","455,549",06 Aug 2004,Michael Mann,"Tom Cruise, Jamie Foxx, Jada Pinkett Smith","English, Spanish, French, Korean",United States,Nominated for 2 Oscars. 22 wins & 73 nominations total,71,"$101,005,703"
tt0377092,nowell,6,2021-10-12 00:00:00+00:00,Mean Girls,https://www.imdb.com/title/tt0377092/,movie,7.1,97,2004,Comedy,"470,889",30 Apr 2004,Mark Waters,"Lindsay Lohan, Jonathan Bennett, Rachel McAdams","English, German, Vietnamese, Swahili","United States, Canada",7 wins & 25 nominations total,66,"$86,058,055"
tt9376612,nowell,5,2021-10-12 00:00:00+00:00,Shang-Chi and the Legend of the Ten Rings,https://www.imdb.com/title/tt9376612/,movie,7.3,132,2021,"Action, Adventure, Fantasy","475,117",03 Sep 2021,Destin Daniel Cretton,"Simu Liu, Awkwafina, Tony Leung Chiu-wai","English, Mandarin",United States,Nominated for 1 Oscar. 19 wins & 67 nominations total,71,"$224,543,292"
tt9376612,taylor,5,2022-07-09 00:00:00+00:00,Shang-Chi and the Legend of the Ten Rings,https://www.imdb.com/title/tt9376612/,movie,7.3,132,2021,"Action, Adventure, Fantasy","475,117",03 Sep 2021,Destin Daniel Cretton,"Simu Liu, Awkwafina, Tony Leung Chiu-wai","English, Mandarin",United States,Nominated for 1 Oscar. 19 wins & 67 nominations total,71,"$224,543,292"
tt7798634,nowell,6,2021-10-11 00:00:00+00:00,Ready or Not,https://www.imdb.com/title/tt7798634/,movie,6.8,95,2019,"Action, Comedy, Horror","219,128",21 Aug 2019,"Matt Bettinelli-Olpin, Tyler Gillett","Samara Weaving, Adam Brody, Mark O'Brien","English, Latin","United States, Canada",4 wins & 24 nominations total,64,"$28,714,231"
tt4686844,nowell,7,2021-09-28 00:00:00+00:00,The Death of Stalin,https://www.imdb.com/title/tt4686844/,movie,7.3,107,2017,"Comedy, Drama, History","121,959",09 Mar 2018,Armando Iannucci,"Steve Buscemi, Simon Russell Beale, Jeffrey Tambor",English,"France, United Kingdom, Belgium, Canada, United States",Nominated for 2 BAFTA 18 wins & 40 nominations total,88,"$8,047,856"
tt0398165,nowell,7,2021-09-05 00:00:00+00:00,The Longest Yard,https://www.imdb.com/title/tt0398165/,movie,6.4,113,2005,"Comedy, Crime, Sport","205,685",27 May 2005,Peter Segal,"Adam Sandler, Burt Reynolds, Chris Rock",English,United States,3 wins & 17 nominations total,48,"$158,119,460"
tt2302755,nowell,2,2021-09-04 00:00:00+00:00,Olympus Has Fallen,https://www.imdb.com/title/tt2302755/,movie,6.5,119,2013,"Action, Thriller","302,488",22 Mar 2013,Antoine Fuqua,"Gerard Butler, Aaron Eckhart, Morgan Freeman","English, Korean",United States,1 win & 5 nominations total,41,"$98,925,640"
tt4714568,nowell,7,2021-09-04 00:00:00+00:00,The Young Offenders,https://www.imdb.com/title/tt4714568/,movie,7.1,83,2016,"Adventure, Comedy, Crime","13,510",16 Sep 2016,Peter Foott,"Alex Murphy, Chris Walley, Hilary Rose",English,Ireland,11 wins & 10 nominations,N/A,N/A
tt8332922,nowell,3,2021-09-03 00:00:00+00:00,A Quiet Place Part II,https://www.imdb.com/title/tt8332922/,movie,7.2,97,2020,"Drama, Horror, Sci-Fi","310,098",28 May 2021,John Krasinski,"Emily Blunt, Millicent Simmonds, Cillian Murphy","English, American Sign ",United States,Nominated for 1 BAFTA Award14 wins & 44 nominations total,71,"$160,072,261"
tt8332922,taylor,7,2024-09-09 20:44:14+00:00,A Quiet Place Part II,https://www.imdb.com/title/tt8332922/,movie,7.2,97,2020,"Drama, Horror, Sci-Fi","310,098",28 May 2021,John Krasinski,"Emily Blunt, Millicent Simmonds, Cillian Murphy","English, American Sign ",United States,Nominated for 1 BAFTA Award14 wins & 44 nominations total,71,"$160,072,261"
tt0093779,nowell,6,2021-08-31 00:00:00+00:00,The Princess Bride,https://www.imdb.com/title/tt0093779/,movie,8.0,98,1987,"Adventure, Comedy, Family","473,749",09 Oct 1987,Rob Reiner,"Cary Elwes, Mandy Patinkin, Robin Wright",English,United States,Nominated for 1 Oscar. 7 wins & 11 nominations total,78,"$30,857,814"
tt8722346,nowell,8,2021-08-30 00:00:00+00:00,Queen & Slim,https://www.imdb.com/title/tt8722346/,movie,7.1,132,2019,"Crime, Drama, Romance","35,868",27 Nov 2019,Melina Matsoukas,"Daniel Kaluuya, Jodie Turner-Smith, Bokeem Woodbine",English,"United States, Canada",13 wins & 44 nominations total,74,"$43,808,310"
tt2245084,nowell,6,2021-08-27 00:00:00+00:00,Big Hero 6,https://www.imdb.com/title/tt2245084/,movie,7.8,102,2014,"Animation, Action, Adventure","539,795",07 Nov 2014,"Don Hall, Chris Williams","Ryan Potter, Scott Adsit, Jamie Chung",English,United States,Won 1 Oscar. 17 wins & 58 nominations total,74,"$222,527,828"
tt2967286,nowell,6,2021-08-27 00:00:00+00:00,Steins;Gate: The Movie - Load Region of Déjà Vu,https://www.imdb.com/title/tt2967286/,movie,7.8,90,2013,"Animation, Mystery, Sci-Fi","10,631",20 Apr 2013,"Kanji Wakabayashi, Hiroshi Hamasaki, Takuya Satô","Mamoru Miyano, Asami Imai, Kana Hanazawa",Japanese,Japan,1 nomination total,N/A,N/A
tt0257106,nowell,7,2021-08-15 00:00:00+00:00,Scary Movie 2,https://www.imdb.com/title/tt0257106/,movie,5.4,83,2001,"Comedy, Horror","185,695",04 Jul 2001,Keenen Ivory Wayans,"Anna Faris, Marlon Wayans, Antony Acker",English,United States,3 wins & 5 nominations total,29,"$71,308,997"
tt2488496,nowell,7,2021-07-25 00:00:00+00:00,Star Wars: Episode VII - The Force Awakens,https://www.imdb.com/title/tt2488496/,movie,7.7,138,2015,"Action, Adventure, Sci-Fi","1,009,754",18 Dec 2015,J.J. Abrams,"Daisy Ridley, John Boyega, Oscar Isaac",English,"United States, United Kingdom",Nominated for 5 Oscars. 64 wins & 140 nominations total,80,"$936,662,225"
tt10327252,nowell,4,2021-07-24 00:00:00+00:00,The Forever Purge,https://www.imdb.com/title/tt10327252/,movie,5.4,103,2021,"Action, Crime, Drama","47,028",02 Jul 2021,Everardo Gout,"Ana de la Reguera, Tenoch Huerta, Josh Lucas","English, Spanish","China, United States",1 win total,53,"$44,539,245"
tt3480822,nowell,6,2021-07-13 00:00:00+00:00,Black Widow,https://www.imdb.com/title/tt3480822/,movie,6.6,134,2021,"Action, Adventure, Sci-Fi","461,309",09 Jul 2021,Cate Shortland,"Scarlett Johansson, Florence Pugh, David Harbour","English, Russian, Norwegian, Hungarian, Macedonian, Finnish",United States,14 wins & 34 nominations total,68,"$183,651,655"
tt3480822,taylor,7,2024-01-05 00:00:00+00:00,Black Widow,https://www.imdb.com/title/tt3480822/,movie,6.6,134,2021,"Action, Adventure, Sci-Fi","461,309",09 Jul 2021,Cate Shortland,"Scarlett Johansson, Florence Pugh, David Harbour","English, Russian, Norwegian, Hungarian, Macedonian, Finnish",United States,14 wins & 34 nominations total,68,"$183,651,655"
tt0096256,nowell,5,2021-07-10 00:00:00+00:00,They Live,https://www.imdb.com/title/tt0096256/,movie,7.2,94,1988,"Action, Horror, Sci-Fi","158,409",04 Nov 1988,John Carpenter,"Roddy Piper, Keith David, Meg Foster",English,United States,4 nominations total,55,"$13,447,978"
tt2948372,nowell,4,2021-06-28 00:00:00+00:00,Soul,https://www.imdb.com/title/tt2948372/,movie,8.0,100,2020,"Animation, Adventure, Comedy","417,480",25 Dec 2020,"Pete Docter, Kemp Powers","Jamie Foxx, Tina Fey, Graham Norton","English, Korean, Inuktitut",United States,Won 2 Oscars. 124 wins & 91 nominations total,83,"$946,154"
tt5834262,nowell,3,2021-06-11 00:00:00+00:00,Hotel Artemis,https://www.imdb.com/title/tt5834262/,movie,6.1,94,2018,"Action, Crime, Drama","61,205",08 Jun 2018,Drew Pearce,"Jodie Foster, Sofia Boutella, Dave Bautista","English, French","United Kingdom, United States",1 win & 1 nomination total,58,"$6,708,147"
tt8772262,nowell,3,2021-06-11 00:00:00+00:00,Midsommar,https://www.imdb.com/title/tt8772262/,movie,7.1,148,2019,"Drama, Horror, Mystery","457,462",03 Jul 2019,Ari Aster,"Florence Pugh, Jack Reynor, Vilhelm Blomgren","English, Swedish","United States, Sweden",27 wins & 74 nominations total,72,"$27,426,361"
tt0475293,nowell,5,2021-06-02 00:00:00+00:00,High School Musical,https://www.imdb.com/title/tt0475293/,movie,5.6,98,2006,"Comedy, Drama, Family","102,739",20 Jan 2006,Kenny Ortega,"Zac Efron, Vanessa Hudgens, Ashley Tisdale","English, Spanish",United States,Won 2 Primetime Emmys. 10 wins & 19 nominations total,N/A,N/A
tt5198068,nowell,7,2021-06-02 00:00:00+00:00,Wolfwalkers,https://www.imdb.com/title/tt5198068/,movie,8.0,103,2020,"Animation, Action, Adventure","43,024",13 Nov 2020,"Tomm Moore, Ross Stewart","Honor Kneafsey, Eva Whittaker, Sean Bean","English, Irish Gaelic","Ireland, Luxembourg, France, China, United States",Nominated for 1 Oscar. 33 wins & 65 nominations total,87,N/A
tt9243946,nowell,6,2021-06-01 00:00:00+00:00,El Camino,https://www.imdb.com/title/tt9243946/,movie,7.3,122,2019,"Crime, Drama, Thriller","324,161",11 Oct 2019,Vince Gilligan,"Aaron Paul, Jonathan Banks, Matt Jones","English, Spanish",United States,Nominated for 4 Primetime Emmys. 4 wins & 24 nominations total,72,N/A
tt0120812,nowell,7,2021-05-31 00:00:00+00:00,Rush Hour,https://www.imdb.com/title/tt0120812/,movie,7.0,98,1998,"Action, Comedy, Crime","319,211",18 Sep 1998,Brett Ratner,"Jackie Chan, Chris Tucker, Ken Leung","English, Cantonese, Mandarin, Japanese",United States,6 wins & 9 nominations total,61,"$141,186,864"
tt0266915,nowell,6,2021-05-31 00:00:00+00:00,Rush Hour 2,https://www.imdb.com/title/tt0266915/,movie,6.7,90,2001,"Action, Comedy, Crime","253,444",03 Aug 2001,Brett Ratner,"Jackie Chan, Chris Tucker, John Lone","English, Mandarin, Cantonese","United States, Hong Kong",10 wins & 22 nominations total,48,"$226,164,286"
tt0298148,nowell,7,2021-05-22 00:00:00+00:00,Shrek 2,https://www.imdb.com/title/tt0298148/,movie,7.4,93,2004,"Animation, Adventure, Comedy","538,651",19 May 2004,"Andrew Adamson, Kelly Asbury, Conrad Vernon","Mike Myers, Eddie Murphy, Cameron Diaz",English,United States,Nominated for 2 Oscars. 18 wins & 52 nominations total,75,"$444,978,202"
tt0298148,taylor,7,2021-06-01 00:00:00+00:00,Shrek 2,https://www.imdb.com/title/tt0298148/,movie,7.4,93,2004,"Animation, Adventure, Comedy","538,651",19 May 2004,"Andrew Adamson, Kelly Asbury, Conrad Vernon","Mike Myers, Eddie Murphy, Cameron Diaz",English,United States,Nominated for 2 Oscars. 18 wins & 52 nominations total,75,"$444,978,202"
tt0113497,nowell,7,2021-04-23 00:00:00+00:00,Jumanji,https://www.imdb.com/title/tt0113497/,movie,7.1,104,1995,"Adventure, Comedy, Family","401,045",15 Dec 1995,Joe Johnston,"Robin Williams, Kirsten Dunst, Bonnie Hunt","English, French",United States,4 wins & 11 nominations total,39,"$100,499,940"
tt5688932,nowell,7,2021-04-09 00:00:00+00:00,Sorry to Bother You,https://www.imdb.com/title/tt5688932/,movie,6.9,112,2018,"Comedy, Drama, Fantasy","92,429",13 Jul 2018,Boots Riley,"LaKeith Stanfield, Tessa Thompson, Jermaine Fowler",English,United States,20 wins & 56 nominations total,78,"$17,493,096"
tt6857112,nowell,7,2021-03-27 00:00:00+00:00,Us,https://www.imdb.com/title/tt6857112/,movie,6.8,116,2019,"Horror, Mystery, Thriller","378,708",22 Mar 2019,Jordan Peele,"Lupita Nyong'o, Winston Duke, Elisabeth Moss",English,"China, Japan, United States",85 wins & 133 nominations total,81,"$175,084,580"
tt6857112,taylor,7,2021-08-22 00:00:00+00:00,Us,https://www.imdb.com/title/tt6857112/,movie,6.8,116,2019,"Horror, Mystery, Thriller","378,708",22 Mar 2019,Jordan Peele,"Lupita Nyong'o, Winston Duke, Elisabeth Moss",English,"China, Japan, United States",85 wins & 133 nominations total,81,"$175,084,580"
tt5147214,nowell,3,2021-03-26 00:00:00+00:00,Headshot,https://www.imdb.com/title/tt5147214/,movie,6.3,118,2016,"Action, Drama, Thriller","16,779",03 Mar 2017,"Kimo Stamboel, Timo Tjahjanto","Iko Uwais, Chelsea Islan, Sunny Pang","Indonesian, English","Indonesia, Singapore",2 wins & 6 nominations total,61,N/A
tt5052448,nowell,8,2021-03-15 00:00:00+00:00,Get Out,https://www.imdb.com/title/tt5052448/,movie,7.8,104,2017,"Horror, Mystery, Thriller","780,027",24 Feb 2017,Jordan Peele,"Daniel Kaluuya, Allison Williams, Bradley Whitford","English, Swahili","Japan, United States",Won 1 Oscar. 154 wins & 214 nominations total,85,"$176,196,665"
tt2704998,nowell,5,2021-03-15 00:00:00+00:00,Game Night,https://www.imdb.com/title/tt2704998/,movie,6.9,100,2018,"Action, Adventure, Comedy","269,714",23 Feb 2018,"John Francis Daley, Jonathan Goldstein","Jason Bateman, Rachel McAdams, Kyle Chandler",English,United States,4 wins & 22 nominations total,66,"$69,268,230"
tt7040874,nowell,6,2021-03-07 00:00:00+00:00,A Simple Favor,https://www.imdb.com/title/tt7040874/,movie,6.7,117,2018,"Comedy, Crime, Mystery","186,419",14 Sep 2018,Paul Feig,"Anna Kendrick, Blake Lively, Henry Golding",English,"Canada, United States",3 wins & 10 nominations total,67,"$53,548,586"
tt8155288,nowell,5,2021-01-30 00:00:00+00:00,Happy Death Day 2U,https://www.imdb.com/title/tt8155288/,movie,6.2,100,2019,"Comedy, Horror, Mystery","92,585",13 Feb 2019,Christopher Landon,"Jessica Rothe, Israel Broussard, Phi Vu","English, French","Japan, United States",4 nominations total,57,"$28,148,130"
tt0083658,nowell,3,2021-01-29 00:00:00+00:00,Blade Runner,https://www.imdb.com/title/tt0083658/,movie,8.1,117,1982,"Action, Drama, Sci-Fi","865,523",25 Jun 1982,Ridley Scott,"Harrison Ford, Rutger Hauer, Sean Young","English, German, Cantonese, Japanese, Hungarian, Arabic, Korean","United States, United Kingdom, Hong Kong",Nominated for 2 Oscars. 13 wins & 22 nominations total,84,"$32,914,489"
tt1276104,nowell,5,2021-01-29 00:00:00+00:00,Looper,https://www.imdb.com/title/tt1276104/,movie,7.4,119,2012,"Action, Drama, Sci-Fi","621,342",28 Sep 2012,Rian Johnson,"Joseph Gordon-Levitt, Bruce Willis, Emily Blunt","English, French","United States, China",18 wins & 47 nominations total,84,"$66,486,205"
tt0496806,nowell,6,2020-12-22 00:00:00+00:00,Ocean's Thirteen,https://www.imdb.com/title/tt0496806/,movie,6.9,122,2007,"Crime, Thriller","381,466",08 Jun 2007,Steven Soderbergh,"George Clooney, Brad Pitt, Matt Damon","English, Mandarin, Spanish, French",United States,1 win & 5 nominations total,62,"$117,154,724"
tt9285882,nowell,4,2020-12-22 00:00:00+00:00,Blue Story,https://www.imdb.com/title/tt9285882/,movie,6.3,91,2019,"Crime, Drama, Musical","8,971",05 May 2020,Rapman,"Rohan Nedd, Jo Martin, Micheal Ward",English,"United Kingdom, United States",2 wins & 14 nominations total,69,N/A
tt9285882,taylor,6,2021-12-05 00:00:00+00:00,Blue Story,https://www.imdb.com/title/tt9285882/,movie,6.3,91,2019,"Crime, Drama, Musical","8,971",05 May 2020,Rapman,"Rohan Nedd, Jo Martin, Micheal Ward",English,"United Kingdom, United States",2 wins & 14 nominations total,69,N/A
tt0266697,nowell,5,2020-12-17 00:00:00+00:00,Kill Bill: Vol. 1,https://www.imdb.com/title/tt0266697/,movie,8.2,111,2003,"Action, Crime, Thriller","1,268,217",10 Oct 2003,Quentin Tarantino,"Uma Thurman, David Carradine, Daryl Hannah","English, Japanese, French",United States,Nominated for 5 BAFTA 30 wins & 103 nominations total,69,"$70,099,045"
tt0378194,nowell,5,2020-12-17 00:00:00+00:00,Kill Bill: Vol. 2,https://www.imdb.com/title/tt0378194/,movie,8.0,137,2004,"Action, Crime, Thriller","847,789",16 Apr 2004,Quentin Tarantino,"Uma Thurman, David Carradine, Michael Madsen","English, Cantonese, Mandarin, Spanish",United States,23 wins & 84 nominations total,83,"$66,208,183"
tt1856101,nowell,4,2020-12-17 00:00:00+00:00,Blade Runner 2049,https://www.imdb.com/title/tt1856101/,movie,8.0,164,2017,"Action, Drama, Mystery","729,843",06 Oct 2017,Denis Villeneuve,"Harrison Ford, Ryan Gosling, Ana de Armas",English,"United States, Canada, Spain",Won 2 Oscars. 100 wins & 164 nominations total,81,"$92,071,675"
tt0347149,nowell,4,2020-12-16 00:00:00+00:00,Howl's Moving Castle,https://www.imdb.com/title/tt0347149/,movie,8.2,119,2004,"Animation, Adventure, Family","495,418",17 Jun 2005,Hayao Miyazaki,"Chieko Baishô, Takuya Kimura, Tatsuya Gashûin",Japanese,"Japan, United States",Nominated for 1 Oscar. 14 wins & 20 nominations total,82,"$10,352,604"
tt0120762,nowell,7,2020-12-16 00:00:00+00:00,Mulan,https://www.imdb.com/title/tt0120762/,movie,7.7,87,1998,"Animation, Adventure, Comedy","336,334",19 Jun 1998,"Tony Bancroft, Barry Cook","Ming-Na Wen, Eddie Murphy, BD Wong","English, Mandarin",United States,Nominated for 1 Oscar. 17 wins & 21 nominations total,72,"$120,620,254"
tt1111422,nowell,5,2020-12-16 00:00:00+00:00,The Taking of Pelham 123,https://www.imdb.com/title/tt1111422/,movie,6.4,106,2009,"Action, Crime, Thriller","213,497",12 Jun 2009,Tony Scott,"Denzel Washington, John Travolta, Luis Guzmán","English, Ukrainian","United States, United Kingdom",1 win & 7 nominations total,55,"$65,452,312"
tt12498618,nowell,8,2020-12-16 00:00:00+00:00,Dave Chappelle: 8:46,https://www.imdb.com/title/tt12498618/,movie,8.1,27,2020,"Short, Comedy","3,942",12 Jun 2020,"Steven Bognar, Julia Reichert","Dave Chappelle, Aliciana Lopez",English,United States,Nominated for 3 Primetime Emmys. 6 nominations total,N/A,N/A
tt28443655,taylor,5,2025-05-17 21:03:04+00:00,Death of a Unicorn,https://www.imdb.com/title/tt28443655/,movie,5.9,107,2025,"Comedy, Fantasy, Horror","41,383",28 Mar 2025,Alex Scharfman,"Paul Rudd, Jenna Ortega, Will Poulter",English,"United States, Hungary",1 win & 3 nominations total,51,"$12,899,252"
tt6105098,taylor,5,2025-01-05 20:29:47+00:00,The Lion King,https://www.imdb.com/title/tt6105098/,movie,6.8,118,2019,"Animation, Adventure, Drama","286,086",19 Jul 2019,Jon Favreau,"Donald Glover, Beyoncé, Seth Rogen","English, Spanish","United States, United Kingdom, Kenya",Nominated for 1 Oscar. 21 wins & 44 nominations total,55,"$543,638,043"
tt17279496,taylor,4,2025-01-05 14:21:43+00:00,Civil War,https://www.imdb.com/title/tt17279496/,movie,7.0,109,2024,"Action, Thriller","253,761",12 Apr 2024,Alex Garland,"Kirsten Dunst, Wagner Moura, Cailee Spaeny",English,"United States, United Kingdom, Finland",8 wins & 60 nominations total,75,"$68,756,072"
tt0203019,taylor,7,2025-01-01 20:20:34+00:00,Men of Honor,https://www.imdb.com/title/tt0203019/,movie,7.2,129,2000,"Biography, Drama","129,589",10 Nov 2000,George Tillman Jr.,"Cuba Gooding Jr., Robert De Niro, Charlize Theron",English,United States,11 nominations total,56,"$48,818,921"
tt0363771,taylor,6,2025-01-01 20:20:21+00:00,"The Chronicles of Narnia: The Lion, the Witch and the Wardrobe",https://www.imdb.com/title/tt0363771/,movie,6.9,143,2005,"Adventure, Family, Fantasy","448,638",09 Dec 2005,Andrew Adamson,"Tilda Swinton, Georgie Henley, William Moseley","English, German, Brazilian Sign ","United Kingdom, United States",Won 1 Oscar. 18 wins & 46 nominations total,75,"$291,710,957"
tt0058331,taylor,7,2024-12-30 15:39:21+00:00,Mary Poppins,https://www.imdb.com/title/tt0058331/,movie,7.8,139,1964,"Comedy, Family, Fantasy","194,527",18 Jun 1965,Robert Stevenson,"Julie Andrews, Dick Van Dyke, David Tomlinson",English,United States,Won 5 Oscars. 23 wins & 17 nominations total,88,"$102,272,727"
tt21382296,taylor,7,2024-12-29 01:01:46+00:00,Carry-On,https://www.imdb.com/title/tt21382296/,movie,6.5,119,2024,"Action, Crime, Thriller","179,709",13 Dec 2024,Jaume Collet-Serra,"Taron Egerton, Jason Bateman, Sofia Carson",English,United States,6 nominations total,69,N/A
tt0119528,taylor,6,2024-12-28 22:49:52+00:00,Liar Liar,https://www.imdb.com/title/tt0119528/,movie,6.9,86,1997,"Comedy, Fantasy","355,497",21 Mar 1997,Tom Shadyac,"Jim Carrey, Maura Tierney, Amanda Donohoe",English,United States,4 wins & 6 nominations total,70,"$181,410,615"
tt14948432,taylor,6,2024-12-25 23:12:54+00:00,Red One,https://www.imdb.com/title/tt14948432/,movie,6.3,123,2024,"Action, Adventure, Comedy","146,070",15 Nov 2024,Jake Kasdan,"Dwayne Johnson, Chris Evans, Lucy Liu",English,"United States, Canada",6 nominations total,34,"$97,000,759"
tt0481499,taylor,7,2024-10-14 09:20:23+00:00,The Croods,https://www.imdb.com/title/tt0481499/,movie,7.1,98,2013,"Animation, Adventure, Comedy","246,285",22 Mar 2013,"Kirk DeMicco, Chris Sanders","Nicolas Cage, Ryan Reynolds, Emma Stone",English,United States,Nominated for 1 Oscar. 5 wins & 46 nominations total,55,"$187,168,425"
tt1446714,taylor,6,2024-09-29 18:16:35+00:00,Prometheus,https://www.imdb.com/title/tt1446714/,movie,7.0,124,2012,"Adventure, Mystery, Sci-Fi","686,571",08 Jun 2012,Ridley Scott,"Noomi Rapace, Logan Marshall-Green, Michael Fassbender","English, Gaelic","United Kingdom, United States",Nominated for 1 Oscar. 6 wins & 47 nominations total,64,"$126,477,084"
tt0094721,taylor,5,2024-09-12 22:34:14+00:00,Beetlejuice,https://www.imdb.com/title/tt0094721/,movie,7.4,92,1988,"Comedy, Fantasy","407,681",30 Mar 1988,Tim Burton,"Alec Baldwin, Geena Davis, Michael Keaton",English,United States,Won 1 Oscar. 7 wins & 11 nominations total,71,"$74,664,632"
tt6644200,taylor,6,2024-08-22 20:32:36+00:00,A Quiet Place,https://www.imdb.com/title/tt6644200/,movie,7.5,90,2018,"Drama, Horror, Sci-Fi","637,961",06 Apr 2018,John Krasinski,"Emily Blunt, John Krasinski, Millicent Simmonds","American Sign , English",United States,Nominated for 1 Oscar. 38 wins & 129 nominations total,82,"$188,024,361"
tt4978420,taylor,5,2024-08-08 22:32:02+00:00,Borderlands,https://www.imdb.com/title/tt4978420/,movie,4.7,101,2024,"Action, Adventure, Comedy","53,038",09 Aug 2024,Eli Roth,"Cate Blanchett, Kevin Hart, Edgar Ramírez",English,"United States, Hungary",1 win & 12 nominations total,26,"$15,482,668"
tt4154756,taylor,8,2024-07-11 13:45:20+00:00,Avengers: Infinity War,https://www.imdb.com/title/tt4154756/,movie,8.4,149,2018,"Action, Adventure, Sci-Fi","1,321,746",27 Apr 2018,"Anthony Russo, Joe Russo","Robert Downey Jr., Chris Hemsworth, Mark Ruffalo",English,"United States, Norway",Nominated for 1 Oscar. 48 wins & 80 nominations total,68,"$678,815,482"
tt2103281,taylor,7,2024-05-17 00:00:00+00:00,Dawn of the Planet of the Apes,https://www.imdb.com/title/tt2103281/,movie,7.6,130,2014,"Action, Adventure, Drama","503,917",11 Jul 2014,Matt Reeves,"Gary Oldman, Keri Russell, Andy Serkis","English, American Sign ","United States, United Kingdom, Canada",Nominated for 1 Oscar. 17 wins & 48 nominations total,79,"$208,545,589"
tt3450958,taylor,6,2024-05-17 00:00:00+00:00,War for the Planet of the Apes,https://www.imdb.com/title/tt3450958/,movie,7.4,140,2017,"Action, Adventure, Drama","318,910",14 Jul 2017,Matt Reeves,"Andy Serkis, Woody Harrelson, Steve Zahn","English, American Sign ","United States, Canada",Nominated for 1 Oscar. 28 wins & 65 nominations total,82,"$146,880,162"
tt1318514,taylor,7,2024-05-16 00:00:00+00:00,Rise of the Planet of the Apes,https://www.imdb.com/title/tt1318514/,movie,7.6,105,2011,"Action, Drama, Sci-Fi","596,881",05 Aug 2011,Rupert Wyatt,"James Franco, Andy Serkis, Freida Pinto","English, Sign ","United States, United Kingdom, Canada",Nominated for 1 Oscar. 21 wins & 45 nominations total,68,"$176,760,185"
tt10810424,taylor,8,2024-01-22 00:00:00+00:00,Dave Chappelle: Sticks & Stones,https://www.imdb.com/title/tt10810424/,movie,8.3,65,2019,Comedy,"28,527",26 Aug 2019,Stan Lathan,Dave Chappelle,English,United States,Won 3 Primetime Emmys. 4 wins & 5 nominations total,N/A,N/A
tt4460800,taylor,5,2024-01-19 00:00:00+00:00,The Kitchen,https://www.imdb.com/title/tt4460800/,movie,4.8,107,2023,"Action, Adventure, Drama","8,758",19 Jan 2024,"Daniel Kaluuya, Kibwe Tavares","Kano, Jedaiah Bannerman, Hope Ikpoku Jnr",English,"United Kingdom, United States",2 wins & 2 nominations total,66,N/A
tt2265171,taylor,7,2024-01-01 00:00:00+00:00,The Raid 2,https://www.imdb.com/title/tt2265171/,movie,7.9,150,2014,"Action, Crime, Thriller","136,515",11 Apr 2014,Gareth Evans,"Iko Uwais, Yayan Ruhian, Arifin Putra","Indonesian, Japanese, English, Sign ","Indonesia, United States, Malaysia",11 wins & 17 nominations total,71,"$2,627,209"
tt3606756,taylor,7,2023-07-02 00:00:00+00:00,Incredibles 2,https://www.imdb.com/title/tt3606756/,movie,7.5,118,2018,"Animation, Action, Adventure","359,499",15 Jun 2018,Brad Bird,"Craig T. Nelson, Holly Hunter, Sarah Vowell",English,"United States, Japan",Nominated for 1 Oscar. 14 wins & 81 nominations total,80,"$608,581,744"
tt6146586,taylor,7,2023-06-11 00:00:00+00:00,John Wick: Chapter 3 - Parabellum,https://www.imdb.com/title/tt6146586/,movie,7.4,130,2019,"Action, Crime, Drama","466,236",17 May 2019,Chad Stahelski,"Keanu Reeves, Halle Berry, Ian McShane","English, Russian, Japanese, Indonesian, Mandarin, Italian, Arabic, Latin","United States, Morocco, Ukraine, Italy",18 wins & 29 nominations total,73,"$171,015,687"
tt4425200,taylor,8,2023-06-09 00:00:00+00:00,John Wick: Chapter 2,https://www.imdb.com/title/tt4425200/,movie,7.4,122,2017,"Action, Crime, Thriller","554,644",10 Feb 2017,Chad Stahelski,"Keanu Reeves, Riccardo Scamarcio, Ian McShane","English, Italian, Russian, American Sign , Hebrew","United States, Italy, Hong Kong, Canada",4 wins & 10 nominations total,75,"$92,029,184"
tt2911666,taylor,7,2023-06-07 00:00:00+00:00,John Wick,https://www.imdb.com/title/tt2911666/,movie,7.5,101,2014,"Action, Crime, Thriller","802,507",24 Oct 2014,Chad Stahelski,"Keanu Reeves, Michael Nyqvist, Alfie Allen","English, Russian, Hungarian",United States,5 wins & 10 nominations total,68,"$43,037,835"
tt0241527,taylor,7,2023-05-22 00:00:00+00:00,Harry Potter and the Sorcerer's Stone,https://www.imdb.com/title/tt0241527/,movie,7.7,152,2001,"Adventure, Family, Fantasy","921,510",16 Nov 2001,Chris Columbus,"Daniel Radcliffe, Rupert Grint, Emma Watson","English, Latin","United Kingdom, United States",Nominated for 3 Oscars. 20 wins & 74 nominations total,65,"$318,886,962"
tt1321510,taylor,7,2023-04-28 00:00:00+00:00,In the Heights,https://www.imdb.com/title/tt1321510/,movie,7.2,143,2021,"Drama, Musical, Romance","54,629",11 Jun 2021,Jon M. Chu,"Anthony Ramos, Corey Hawkins, Leslie Grace","English, Spanish, Hebrew",United States,11 wins & 57 nominations total,84,"$29,975,167"
tt8760708,taylor,6,2023-01-22 00:00:00+00:00,M3GAN,https://www.imdb.com/title/tt8760708/,movie,6.3,102,2022,"Horror, Sci-Fi, Thriller","173,875",06 Jan 2023,Gerard Johnstone,"Allison Williams, Violet McGraw, Ronny Chieng",English,"United States, New Zealand",4 wins & 31 nominations total,72,"$95,159,005"
tt1630029,taylor,7,2023-01-14 00:00:00+00:00,Avatar: The Way of Water,https://www.imdb.com/title/tt1630029/,movie,7.5,192,2022,"Action, Adventure, Fantasy","546,561",16 Dec 2022,James Cameron,"Sam Worthington, Zoe Saldaña, Sigourney Weaver",English,United States,Won 1 Oscar. 73 wins & 152 nominations total,67,"$684,075,767"
tt0212338,taylor,7,2023-01-01 00:00:00+00:00,Meet the Parents,https://www.imdb.com/title/tt0212338/,movie,7.0,108,2000,"Comedy, Romance","372,039",06 Oct 2000,Jay Roach,"Ben Stiller, Robert De Niro, Teri Polo","English, Thai, Spanish, Hebrew, French",United States,Nominated for 1 Oscar. 7 wins & 15 nominations total,73,"$166,244,045"
tt3470600,taylor,7,2022-12-25 00:00:00+00:00,Sing,https://www.imdb.com/title/tt3470600/,movie,7.1,108,2016,"Animation, Comedy, Family","206,430",21 Dec 2016,"Garth Jennings, Christophe Lourdelet","Matthew McConaughey, Reese Witherspoon, Seth MacFarlane","English, Japanese","Japan, United States",3 wins & 25 nominations total,59,"$270,578,425"
tt0089218,taylor,6,2022-11-28 00:00:00+00:00,The Goonies,https://www.imdb.com/title/tt0089218/,movie,7.7,114,1985,"Adventure, Comedy, Family","318,351",07 Jun 1985,Richard Donner,"Sean Astin, Josh Brolin, Jeff Cohen","English, Spanish, Cantonese, Italian",United States,4 wins & 7 nominations total,62,"$63,711,145"
tt10648342,taylor,6,2022-11-20 00:00:00+00:00,Thor: Love and Thunder,https://www.imdb.com/title/tt10648342/,movie,6.1,118,2022,"Action, Adventure, Comedy","443,961",08 Jul 2022,Taika Waititi,"Chris Hemsworth, Natalie Portman, Christian Bale",English,"Australia, United States",4 wins & 21 nominations total,57,"$343,256,830"
tt1409024,taylor,7,2022-11-13 00:00:00+00:00,Men in Black³,https://www.imdb.com/title/tt1409024/,movie,6.8,106,2012,"Action, Adventure, Comedy","403,556",25 May 2012,Barry Sonnenfeld,"Will Smith, Tommy Lee Jones, Josh Brolin","English, Ukrainian","United Arab Emirates, United States",2 wins & 13 nominations total,58,"$179,020,854"
tt0119654,taylor,7,2022-11-12 00:00:00+00:00,Men in Black,https://www.imdb.com/title/tt0119654/,movie,7.3,98,1997,"Action, Adventure, Comedy","649,952",02 Jul 1997,Barry Sonnenfeld,"Tommy Lee Jones, Will Smith, Linda Fiorentino","English, Spanish",United States,Won 1 Oscar. 22 wins & 39 nominations total,72,"$250,690,539"
tt0120912,taylor,6,2022-11-12 00:00:00+00:00,Men in Black II,https://www.imdb.com/title/tt0120912/,movie,6.2,88,2002,"Action, Adventure, Comedy","421,618",03 Jul 2002,Barry Sonnenfeld,"Tommy Lee Jones, Will Smith, Rip Torn",English,United States,4 wins & 16 nominations total,49,"$193,735,288"
tt0107120,taylor,6,2022-11-11 00:00:00+00:00,Hocus Pocus,https://www.imdb.com/title/tt0107120/,movie,6.9,96,1993,"Comedy, Family, Fantasy","166,720",16 Jul 1993,Kenny Ortega,"Bette Midler, Sarah Jessica Parker, Kathy Najimy","English, French",United States,2 wins & 11 nominations total,43,"$46,194,549"
tt5181830,taylor,5,2022-10-29 00:00:00+00:00,Wendell & Wild,https://www.imdb.com/title/tt5181830/,movie,6.4,105,2022,"Animation, Adventure, Comedy","13,983",28 Oct 2022,Henry Selick,"Lyric Ross, Keegan-Michael Key, Jordan Peele",English,"United States, Ireland",3 wins & 26 nominations total,69,N/A
tt14307536,taylor,6,2022-10-10 00:00:00+00:00,A Jazzman's Blues,https://www.imdb.com/title/tt14307536/,movie,6.8,127,2022,"Drama, Mystery, Romance","4,552",23 Sep 2022,Tyler Perry,"Joshua Boone, Amirah Vann, Solea Pfeiffer",English,United States,1 win & 9 nominations total,62,N/A
tt0290002,taylor,6,2022-08-31 00:00:00+00:00,Meet the Fockers,https://www.imdb.com/title/tt0290002/,movie,6.4,115,2004,"Comedy, Romance","297,208",22 Dec 2004,Jay Roach,"Ben Stiller, Robert De Niro, Blythe Danner","English, Spanish, Hebrew",United States,2 wins & 7 nominations total,41,"$279,261,160"
tt14298328,taylor,6,2022-08-21 00:00:00+00:00,Look Both Ways,https://www.imdb.com/title/tt14298328/,movie,6.3,110,2022,"Comedy, Drama, Fantasy","25,926",17 Aug 2022,Wanuri Kahiu,"Lili Reinhart, Danny Ramirez, Aisha Dee",English,United States,1 nomination total,49,N/A
tt2267968,taylor,6,2022-07-14 00:00:00+00:00,Kung Fu Panda 3,https://www.imdb.com/title/tt2267968/,movie,7.1,95,2016,"Animation, Action, Adventure","210,055",29 Jan 2016,"Alessandro Carloni, Jennifer Yuh Nelson","Jack Black, Bryan Cranston, Dustin Hoffman",English,"United States, China",1 win & 10 nominations total,66,"$143,528,619"
tt8097306,taylor,5,2022-07-14 00:00:00+00:00,Nobody's Fool,https://www.imdb.com/title/tt8097306/,movie,5.0,110,2018,"Comedy, Drama, Romance","8,270",02 Nov 2018,Tyler Perry,"Tiffany Haddish, Tika Sumpter, Omari Hardwick",English,United States,1 win total,39,"$31,713,110"
tt2850386,taylor,4,2022-07-14 00:00:00+00:00,The Croods: A New Age,https://www.imdb.com/title/tt2850386/,movie,6.9,95,2020,"Animation, Adventure, Comedy","58,520",25 Nov 2020,Joel Crawford,"Nicolas Cage, Emma Stone, Ryan Reynolds",English,"United States, Japan",31 nominations total,56,"$58,568,815"
tt1302011,taylor,7,2022-07-09 00:00:00+00:00,Kung Fu Panda 2,https://www.imdb.com/title/tt1302011/,movie,7.3,90,2011,"Animation, Action, Adventure","346,425",26 May 2011,Jennifer Yuh Nelson,"Jack Black, Angelina Jolie, Jackie Chan",English,United States,Nominated for 1 Oscar. 5 wins & 47 nominations total,67,"$165,249,063"
tt3704428,taylor,6,2022-07-05 00:00:00+00:00,Elvis,https://www.imdb.com/title/tt3704428/,movie,7.3,159,2022,"Biography, Drama, Music","252,795",24 Jun 2022,Baz Luhrmann,"Tom Hanks, Austin Butler, Olivia DeJonge",English,"United States, Australia",Nominated for 8 Oscars. 92 wins & 236 nominations total,64,"$151,040,048"
tt1464335,taylor,5,2022-07-03 00:00:00+00:00,Uncharted,https://www.imdb.com/title/tt1464335/,movie,6.3,116,2022,"Action, Adventure","288,483",18 Feb 2022,Ruben Fleischer,"Tom Holland, Mark Wahlberg, Antonio Banderas","English, Spanish, Latin","Spain, United States",3 nominations total,45,"$148,648,820"
tt3794354,taylor,6,2022-07-03 00:00:00+00:00,Sonic the Hedgehog,https://www.imdb.com/title/tt3794354/,movie,6.5,99,2020,"Action, Adventure, Comedy","185,523",14 Feb 2020,Jeff Fowler,"Ben Schwartz, James Marsden, Jim Carrey","English, French, Persian","United States, Japan, Canada, United Kingdom",3 wins & 12 nominations total,47,"$148,974,665"
tt0126029,taylor,7,2022-06-22 00:00:00+00:00,Shrek,https://www.imdb.com/title/tt0126029/,movie,7.9,90,2001,"Animation, Adventure, Comedy","786,695",18 May 2001,"Andrew Adamson, Vicky Jenson","Mike Myers, Eddie Murphy, Cameron Diaz",English,United States,Won 1 Oscar. 40 wins & 60 nominations total,84,"$268,698,241"
tt0441773,taylor,7,2022-06-20 00:00:00+00:00,Kung Fu Panda,https://www.imdb.com/title/tt0441773/,movie,7.6,92,2008,"Animation, Action, Adventure","561,209",06 Jun 2008,"Mark Osborne, John Stevenson","Jack Black, Ian McShane, Angelina Jolie","English, Japanese, Chinese","United States, Japan, China, Russia",Nominated for 1 Oscar. 15 wins & 39 nominations total,74,"$216,064,546"
tt0332280,taylor,8,2022-05-24 00:00:00+00:00,The Notebook,https://www.imdb.com/title/tt0332280/,movie,7.8,123,2004,"Drama, Romance","664,237",25 Jun 2004,Nick Cassavetes,"Gena Rowlands, James Garner, Rachel McAdams",English,United States,12 wins & 10 nominations total,53,"$81,417,274"
tt1055366,taylor,5,2022-04-06 00:00:00+00:00,Camp Rock,https://www.imdb.com/title/tt1055366/,movie,5.2,94,2008,"Comedy, Family, Music","39,342",20 Jun 2008,Matthew Diamond,"Demi Lovato, Joe Jonas, Meaghan Martin","English, Portuguese","United States, Canada",6 nominations total,N/A,N/A
tt0396592,taylor,4,2022-03-12 00:00:00+00:00,Fat Albert,https://www.imdb.com/title/tt0396592/,movie,4.4,93,2004,"Comedy, Family, Fantasy","13,369",25 Dec 2004,Joel Zwick,"Kenan Thompson, Kyla Pratt, Omarion",English,United States,3 nominations total,39,"$48,116,322"
tt8503618,taylor,8,2022-01-17 00:00:00+00:00,Hamilton,https://www.imdb.com/title/tt8503618/,movie,8.3,160,2020,"Biography, Drama, History","133,034",03 Jul 2020,Thomas Kail,"Lin-Manuel Miranda, Phillipa Soo, Leslie Odom Jr.","English, French",United States,Won 2 Primetime Emmys. 19 wins & 43 nominations total,88,"$16,817,009"
tt3731562,taylor,6,2022-01-01 00:00:00+00:00,Kong: Skull Island,https://www.imdb.com/title/tt3731562/,movie,6.7,118,2017,"Action, Adventure, Fantasy","367,774",10 Mar 2017,Jordan Vogt-Roberts,"Tom Hiddleston, Samuel L. Jackson, Brie Larson","English, Vietnamese, Japanese","United States, China, Vietnam",Nominated for 1 Oscar. 1 win & 22 nominations total,62,"$168,052,812"
tt4154796,taylor,9,2021-12-19 00:00:00+00:00,Avengers: Endgame,https://www.imdb.com/title/tt4154796/,movie,8.4,181,2019,"Action, Adventure, Sci-Fi","1,390,337",26 Apr 2019,"Anthony Russo, Joe Russo","Robert Downey Jr., Chris Evans, Mark Ruffalo","English, Japanese, Xhosa, German",United States,Nominated for 1 Oscar. 70 wins & 132 nominations total,78,"$858,373,000"
tt2250912,taylor,7,2021-12-18 00:00:00+00:00,Spider-Man: Homecoming,https://www.imdb.com/title/tt2250912/,movie,7.4,133,2017,"Action, Adventure, Sci-Fi","774,283",07 Jul 2017,Jon Watts,"Tom Holland, Michael Keaton, Robert Downey Jr.","English, Spanish",United States,8 wins & 11 nominations total,73,"$334,952,829"
tt5714470,taylor,4,2021-12-18 00:00:00+00:00,Come Away,https://www.imdb.com/title/tt5714470/,movie,5.7,94,2020,"Adventure, Drama, Fantasy","6,007",13 Nov 2020,Brenda Chapman,"Gugu Mbatha-Raw, Carter Thomas, Ava Fillery",English,United Kingdom,2 wins & 2 nominations total,40,"$184,477"
tt5814060,taylor,3,2021-12-14 00:00:00+00:00,The Nun,https://www.imdb.com/title/tt5814060/,movie,5.4,96,2018,"Horror, Mystery, Thriller","186,296",07 Sep 2018,Corin Hardy,"Demián Bichir, Taissa Farmiga, Jonas Bloquet","English, French, Romanian, Latin",United States,2 wins & 1 nomination total,46,"$117,481,222"
tt3315342,taylor,8,2021-12-04 00:00:00+00:00,Logan,https://www.imdb.com/title/tt3315342/,movie,8.1,137,2017,"Action, Drama, Sci-Fi","905,584",03 Mar 2017,James Mangold,"Hugh Jackman, Patrick Stewart, Dafne Keen","English, Spanish",United States,Nominated for 1 Oscar. 28 wins & 82 nominations total,77,"$226,277,068"
tt1478964,taylor,5,2021-09-12 00:00:00+00:00,Attack the Block,https://www.imdb.com/title/tt1478964/,movie,6.7,88,2011,"Action, Adventure, Comedy","114,395",13 May 2011,Joe Cornish,"John Boyega, Jodie Whittaker, Alex Esmail",English,"United Kingdom, France",Nominated for 1 BAFTA Award19 wins & 39 nominations total,75,"$1,024,175"
tt1082807,taylor,6,2021-08-30 00:00:00+00:00,The Belko Experiment,https://www.imdb.com/title/tt1082807/,movie,6.2,89,2016,"Horror, Thriller","64,370",17 Mar 2017,Greg McLean,"John Gallagher Jr., Tony Goldwyn, Adria Arjona",English,"United States, Colombia",N/A,44,"$10,166,820"
tt0206275,taylor,6,2021-08-07 00:00:00+00:00,Save the Last Dance,https://www.imdb.com/title/tt0206275/,movie,6.2,112,2001,"Drama, Music, Romance","66,894",12 Jan 2001,Thomas Carter,"Julia Stiles, Sean Patrick Thomas, Kerry Washington",English,United States,7 wins & 8 nominations,53,"$91,057,006"
tt2084970,taylor,7,2021-08-07 00:00:00+00:00,The Imitation Game,https://www.imdb.com/title/tt2084970/,movie,8.0,114,2014,"Biography, Drama, Thriller","860,739",25 Dec 2014,Morten Tyldum,"Benedict Cumberbatch, Keira Knightley, Matthew Goode","English, German",United States,Won 1 Oscar. 49 wins & 167 nominations total,71,"$91,125,683"
tt0133093,taylor,8,2021-08-02 00:00:00+00:00,The Matrix,https://www.imdb.com/title/tt0133093/,movie,8.7,136,1999,"Action, Sci-Fi","2,187,692",31 Mar 1999,"Lana Wachowski, Lilly Wachowski","Keanu Reeves, Laurence Fishburne, Carrie-Anne Moss",English,"United States, Australia",Won 4 Oscars. 42 wins & 52 nominations total,73,"$172,076,928"
tt0416236,taylor,6,2021-07-28 00:00:00+00:00,The Spiderwick Chronicles,https://www.imdb.com/title/tt0416236/,movie,6.5,96,2008,"Action, Adventure, Drama","106,653",14 Feb 2008,Mark Waters,"Freddie Highmore, Sarah Bolger, David Strathairn",English,"United States, Canada",2 wins & 8 nominations total,62,"$71,195,053"
tt7634968,taylor,5,2021-07-28 00:00:00+00:00,What Men Want,https://www.imdb.com/title/tt7634968/,movie,5.4,117,2019,"Comedy, Fantasy, Romance","33,748",08 Feb 2019,Adam Shankman,"Taraji P. Henson, Kristen Ledlow, Josh Brener","English, Mandarin",United States,1 win total,49,"$54,611,903"
tt1670345,taylor,7,2021-07-25 00:00:00+00:00,Now You See Me,https://www.imdb.com/title/tt1670345/,movie,7.2,115,2013,"Crime, Mystery, Thriller","750,270",31 May 2013,Louis Leterrier,"Jesse Eisenberg, Common, Mark Ruffalo","English, French","United States, France",1 win & 3 nominations total,50,"$117,723,989"
tt1453405,taylor,7,2021-06-18 00:00:00+00:00,Monsters University,https://www.imdb.com/title/tt1453405/,movie,7.2,104,2013,"Animation, Adventure, Comedy","413,988",21 Jun 2013,Dan Scanlon,"Billy Crystal, John Goodman, Steve Buscemi",English,"United States, Japan",Nominated for 2 BAFTA 9 wins & 58 nominations total,65,"$268,492,764"
tt0198781,taylor,8,2021-06-11 00:00:00+00:00,"Monsters, Inc.",https://www.imdb.com/title/tt0198781/,movie,8.1,92,2001,"Animation, Adventure, Comedy","1,045,975",02 Nov 2001,"Pete Docter, David Silverman, Lee Unkrich","Billy Crystal, John Goodman, Mary Gibbs",English,United States,Won 1 Oscar. 15 wins & 38 nominations total,79,"$290,642,256"
tt5848272,taylor,6,2021-06-11 00:00:00+00:00,Ralph Breaks the Internet,https://www.imdb.com/title/tt5848272/,movie,7.0,112,2018,"Animation, Adventure, Comedy","198,675",21 Nov 2018,"Phil Johnston, Rich Moore","John C. Reilly, Sarah Silverman, Gal Gadot",English,"United States, Singapore",Nominated for 1 Oscar. 4 wins & 67 nominations total,71,"$201,091,711"
tt0424095,taylor,6,2021-06-10 00:00:00+00:00,Flushed Away,https://www.imdb.com/title/tt0424095/,movie,6.6,85,2006,"Animation, Action, Adventure","146,454",03 Nov 2006,"David Bowers, Sam Fell","Hugh Jackman, Kate Winslet, Ian McKellen",English,"United Kingdom, United States",Nominated for 1 BAFTA Award7 wins & 15 nominations total,74,"$64,665,672"
tt0307453,taylor,7,2021-06-08 00:00:00+00:00,Shark Tale,https://www.imdb.com/title/tt0307453/,movie,6.0,90,2004,"Animation, Adventure, Comedy","208,430",01 Oct 2004,"Bibo Bergeron, Vicky Jenson, Rob Letterman","Will Smith, Robert De Niro, Renée Zellweger",English,"United States, France",Nominated for 1 Oscar. 3 wins & 16 nominations total,48,"$160,861,908"
tt1772341,taylor,7,2021-06-08 00:00:00+00:00,Wreck-It Ralph,https://www.imdb.com/title/tt1772341/,movie,7.7,101,2012,"Animation, Adventure, Comedy","485,308",02 Nov 2012,Rich Moore,"John C. Reilly, Jack McBrayer, Jane Lynch",English,United States,Nominated for 1 Oscar. 33 wins & 42 nominations total,72,"$189,422,889"
tt2848292,taylor,6,2021-06-08 00:00:00+00:00,Pitch Perfect 2,https://www.imdb.com/title/tt2848292/,movie,6.4,115,2015,"Comedy, Music","176,393",15 May 2015,Elizabeth Banks,"Anna Kendrick, Rebel Wilson, Hailee Steinfeld","English, German",United States,10 wins & 17 nominations total,63,"$184,296,230"
tt0400717,taylor,6,2021-06-03 00:00:00+00:00,Open Season,https://www.imdb.com/title/tt0400717/,movie,6.1,86,2006,"Animation, Adventure, Comedy","110,435",29 Sep 2006,"Roger Allers, Jill Culton, Richard Williams","Ashton Kutcher, Martin Lawrence, Debra Messing",English,United States,1 win & 10 nominations total,49,"$85,105,259"
tt0413267,taylor,6,2021-06-01 00:00:00+00:00,Shrek the Third,https://www.imdb.com/title/tt0413267/,movie,6.1,93,2007,"Animation, Adventure, Comedy","352,823",18 May 2007,"Chris Miller, Raman Hui","Mike Myers, Cameron Diaz, Eddie Murphy",English,United States,Nominated for 1 BAFTA Award5 wins & 17 nominations total,58,"$322,719,944"
tt0892791,taylor,6,2021-06-01 00:00:00+00:00,Shrek Forever After,https://www.imdb.com/title/tt0892791/,movie,6.3,93,2010,"Animation, Adventure, Comedy","239,409",21 May 2010,Mike Mitchell,"Mike Myers, Cameron Diaz, Eddie Murphy",English,"United States, France",1 win & 13 nominations total,58,"$238,736,787"
tt5521250,taylor,5,2021-04-05 00:00:00+00:00,The Weekend,https://www.imdb.com/title/tt5521250/,movie,4.6,98,2016,Comedy,496,02 Dec 2016,Sheridan De Myers,"Joivan Wade, Percelle Ascott, Nathan Hector",English,N/A,N/A,N/A,N/A
tt0087538,taylor,7,2021-04-04 00:00:00+00:00,The Karate Kid,https://www.imdb.com/title/tt0087538/,movie,7.3,126,1984,"Action, Drama, Family","263,931",22 Jun 1984,John G. Avildsen,"Ralph Macchio, Pat Morita, Elisabeth Shue","English, Japanese",United States,Nominated for 1 Oscar. 5 wins & 4 nominations total,61,"$91,077,276"
tt8075260,taylor,5,2021-04-04 00:00:00+00:00,Someone Great,https://www.imdb.com/title/tt8075260/,movie,6.2,92,2019,"Comedy, Romance","26,097",19 Apr 2019,Jennifer Kaytin Robinson,"Gina Rodriguez, LaKeith Stanfield, Brittany Snow",English,United States,N/A,63,N/A
